Index,Level,Change,% Change
Bitcoin (BTC),28592.06640625,500.498046875,1.78
Ethereum (ETH),1862.3045654296875,30.3497314453125,1.66
Binance Coin (BNB),325.2076110839844,-3.5166015625,-1.07
Ripple (XRP),0.46254023909568787,-0.00242576003074646,-0.52
Cardano (ADA),0.3899654150009155,0.003108412027359009,0.8
