Index,Level,Change,% Change
Bitcoin (BTC),62875.8359375,-550.375,-0.87
Ethereum (ETH),3064.95703125,-36.643310546875,-1.18
Binance Coin (BNB),535.677734375,-17.19677734375,-3.11
Ripple (XRP),0.4928104877471924,-0.004920512437820435,-0.99
Cardano (ADA),0.4520753026008606,-0.008719682693481445,-1.89
