Index,Level,Change,% Change
Bitcoin (BTC),60988.64453125,-815.99609375,-1.32
Ethereum (ETH),3364.560302734375,-30.46875,-0.9
Binance Coin (BNB),570.63525390625,-7.46820068359375,-1.29
Ripple (XRP),0.4685233533382416,-0.007161647081375122,-1.51
Cardano (ADA),0.38409489393234253,-0.007764101028442383,-1.98
