Index,Level,Change,% Change
Bitcoin (BTC),29987.26953125,-158.619140625,-0.53
Ethereum (ETH),1907.9757080078125,-3.67041015625,-0.19
Binance Coin (BNB),242.03750610351562,-2.31549072265625,-0.95
Ripple (XRP),0.8347170352935791,0.0955120325088501,12.92
Cardano (ADA),0.32065755128860474,0.008168548345565796,2.61
