Index,Level,Change,% Change
Bitcoin (BTC),63474.03515625,-644.7578125,-1.01
Ethereum (ETH),3395.797607421875,7.045166015625,0.21
Binance Coin (BNB),567.3256225585938,-1.58709716796875,-0.28
Ripple (XRP),0.5681921243667603,-0.05829387903213501,-9.3
Cardano (ADA),0.42501673102378845,-0.011731266975402832,-2.69
