Index,Level,Change,% Change
Bitcoin (BTC),34345.86328125,-192.6171875,-0.56
Ethereum (ETH),1799.852783203125,4.3067626953125,0.24
Binance Coin (BNB),227.12721252441406,-0.021240234375,-0.01
Ripple (XRP),0.5785443186759949,0.02215033769607544,3.98
Cardano (ADA),0.2983216643333435,0.0030386745929718018,1.03
