Index,Level,Change,% Change
Bitcoin (BTC),70487.15625,3252.984375,4.84
Ethereum (ETH),3624.93115234375,170.294677734375,4.93
Binance Coin (BNB),592.5614624023438,24.566650390625,4.33
Ripple (XRP),0.6481127738952637,0.015162765979766846,2.4
Cardano (ADA),0.6615449786186218,0.015387952327728271,2.38
