Index,Level,Change,% Change
Bitcoin (BTC),26441.751953125,-66.46484375,-0.25
Ethereum (ETH),1839.7022705078125,-6.599609375,-0.36
Binance Coin (BNB),261.12518310546875,-1.0233154296875,-0.39
Ripple (XRP),0.5324894785881042,0.007943451404571533,1.51
Cardano (ADA),0.3035781681537628,-0.01957884430885315,-6.06
