Index,Level,Change,% Change
Bitcoin (BTC),19296.560546875,426.97265625,2.26
Ethereum (ETH),1417.4559326171875,-0.4825439453125,-0.03
Binance Coin (BNB),287.5838317871094,-0.228515625,-0.08
Ripple (XRP),0.37622353434562683,0.001026540994644165,0.27
Cardano (ADA),0.3322277367115021,0.0024697482585906982,0.75
