Index,Level,Change,% Change
Bitcoin (BTC),71211.5390625,-912.3671875,-1.26
Ethereum (ETH),3969.722900390625,-96.72216796875,-2.38
Binance Coin (BNB),541.4988403320312,18.78082275390625,3.59
Ripple (XRP),0.6880056858062744,-0.03003031015396118,-4.18
Cardano (ADA),0.7392902374267578,-0.034899771213531494,-4.51
