Index,Level,Change,% Change
Bitcoin (BTC),49851.4765625,1557.55859375,3.23
Ethereum (ETH),2623.407958984375,115.83740234375,4.62
Binance Coin (BNB),324.2752990722656,3.487762451171875,1.09
Ripple (XRP),0.5363014936447144,0.010217487812042236,1.94
Cardano (ADA),0.5639832615852356,0.022573232650756836,4.17
