Index,Level,Change,% Change
Bitcoin (BTC),18196.121,-2424.3290000000015,-11.76
Ethereum (ETH),1308.103,-261.3296,-16.65
Binance Coin (BNB),316.8081,-20.962099999999964,-6.21
Ripple (XRP),0.37371203,-0.09228289,-19.8
Cardano (ADA),0.3626265,-0.04225291999999997,-10.44
