Index,Level,Change,% Change
Bitcoin (BTC),65318.02734375,-1438.37109375,-2.15
Ethereum (ETH),3386.193115234375,-83.088134765625,-2.39
Binance Coin (BNB),593.3399658203125,-6.17510986328125,-1.03
Ripple (XRP),0.466634064912796,-0.01037093997001648,-2.17
Cardano (ADA),0.40517815947532654,-0.016006827354431152,-3.8
