Index,Level,Change,% Change
Bitcoin (BTC),23281.939453125,1061.134765625,4.78
Ethereum (ETH),1621.5516357421875,64.676513671875,4.15
Binance Coin (BNB),307.0892028808594,10.968841552734375,3.7
Ripple (XRP),0.3933190405368805,0.010912030935287476,2.85
Cardano (ADA),0.39638593792915344,0.009944945573806763,2.57
