Index,Level,Change,% Change
Bitcoin (BTC),46558.9453125,-411.55859375,-0.88
Ethereum (ETH),2272.08447265625,-60.9482421875,-2.61
Binance Coin (BNB),300.68115234375,-3.819244384765625,-1.25
Ripple (XRP),0.5732787251472473,-0.004644274711608887,-0.8
Cardano (ADA),0.5096986889839172,-0.031237304210662842,-5.77
