Index,Level,Change,% Change
Bitcoin (BTC),17844.725,50.75,0.29
Ethereum (ETH),1311.0436,-11.100200000000086,-0.84
Binance Coin (BNB),268.25052,-4.278380000000027,-1.57
Ripple (XRP),0.38196507,-0.013288130000000009,-3.36
Cardano (ADA),0.30817688,-0.006173490000000004,-1.96
