Index,Level,Change,% Change
Bitcoin (BTC),24440.703125,-305.37109375,-1.23
Ethereum (ETH),1642.8814697265625,-60.6256103515625,-3.56
Binance Coin (BNB),305.56939697265625,-3.8013916015625,-1.23
Ripple (XRP),0.3616284132003784,-0.01265057921409607,-3.38
Cardano (ADA),0.3249884247779846,-0.0193195641040802,-5.61
