Index,Level,Change,% Change
Bitcoin (BTC),29165.54296875,-61.84765625,-0.21
Ethereum (ETH),1860.2528076171875,2.5108642578125,0.14
Binance Coin (BNB),240.15066528320312,2.34210205078125,0.98
Ripple (XRP),0.7163097858428955,0.0067098140716552734,0.95
Cardano (ADA),0.30733397603034973,0.0033169686794281006,1.09
