Index,Level,Change,% Change
Bitcoin (BTC),25780.416015625,-459.779296875,-1.75
Ethereum (ETH),1627.1168212890625,-20.4814453125,-1.24
Binance Coin (BNB),213.8422393798828,-3.0449371337890625,-1.4
Ripple (XRP),0.5029444098472595,-0.0019125938415527344,-0.38
Cardano (ADA),0.2535342574119568,-0.004185736179351807,-1.62
