Index,Level,Change,% Change
Bitcoin (BTC),61970.34375,1692.9296875,2.81
Ethereum (ETH),3410.056640625,59.80029296875,1.78
Binance Coin (BNB),577.4490966796875,9.8709716796875,1.74
Ripple (XRP),0.4774748980998993,0.003331899642944336,0.7
Cardano (ADA),0.39594000577926636,0.01817500591278076,4.81
