Index,Level,Change,% Change
Bitcoin (BTC),63441.76953125,763.4765625,1.22
Ethereum (ETH),3474.076416015625,41.187255859375,1.2
Binance Coin (BNB),581.3688354492188,-0.40228271484375,-0.07
Ripple (XRP),0.4770197868347168,0.0015367865562438965,0.32
Cardano (ADA),0.40510404109954834,0.01291203498840332,3.29
