Index,Level,Change,% Change
Bitcoin (BTC),62153.9609375,955.578125,1.56
Ethereum (ETH),3423.471923828125,81.55224609375,2.44
Binance Coin (BNB),406.813720703125,7.035003662109375,1.76
Ripple (XRP),0.5954698920249939,0.009144902229309082,1.56
Cardano (ADA),0.6912993788719177,0.03565335273742676,5.44
