Index,Level,Change,% Change
Bitcoin (BTC),17541.380859375,95.087890625,0.55
Ethereum (ETH),1342.327880859375,5.7418212890625,0.43
Binance Coin (BNB),279.5729675292969,2.2833251953125,0.82
Ripple (XRP),0.37372589111328125,0.022484898567199707,6.4
Cardano (ADA),0.3156605064868927,-0.006835490465164185,-2.12
