Index,Level,Change,% Change
Bitcoin (BTC),17719.562,499.3650000000016,2.9
Ethereum (ETH),1315.8674,39.715400000000045,3.11
Binance Coin (BNB),268.63864,-8.179410000000018,-2.95
Ripple (XRP),0.391198,0.0038739399999999646,1.0
Cardano (ADA),0.30951077,0.002210500000000004,0.72
