Index,Level,Change,% Change
Bitcoin (BTC),20252.926,94.14300000000003,0.47
Ethereum (ETH),1545.3898,27.048099999999977,1.78
Binance Coin (BNB),331.7357,11.807999999999993,3.69
Ripple (XRP),0.4568705,0.006604100000000002,1.47
Cardano (ADA),0.39538124,0.01011924000000003,2.63
