Index,Level,Change,% Change
Bitcoin (BTC),27153.4921875,619.3046875,2.33
Ethereum (ETH),1647.29638671875,24.399658203125,1.5
Binance Coin (BNB),217.07655334472656,0.61077880859375,0.28
Ripple (XRP),0.5151562690734863,0.022115260362625122,4.49
Cardano (ADA),0.25622478127479553,0.008908778429031372,3.6
