Index,Level,Change,% Change
Bitcoin (BTC),26381.78515625,46.966796875,0.18
Ethereum (ETH),1806.52001953125,6.4200439453125,0.36
Binance Coin (BNB),304.39459228515625,-1.538177490234375,-0.5
Ripple (XRP),0.4490140676498413,-0.004594922065734863,-1.01
Cardano (ADA),0.35725122690200806,-0.006982773542404175,-1.92
