Index,Level,Change,% Change
Bitcoin (BTC),69302.984375,163.96875,0.24
Ethereum (ETH),3497.18994140625,-7.973388671875,-0.23
Binance Coin (BNB),604.0165405273438,23.18621826171875,3.99
Ripple (XRP),0.6193116903305054,0.00549471378326416,0.9
Cardano (ADA),0.5772615075111389,-0.014631509780883789,-2.47
