Index,Level,Change,% Change
Bitcoin (BTC),26754.244140625,-2.5546875,-0.01
Ethereum (ETH),1544.701904296875,5.0894775390625,0.33
Binance Coin (BNB),205.7200164794922,0.4906005859375,0.24
Ripple (XRP),0.4819693863391876,-0.0010806024074554443,-0.22
Cardano (ADA),0.24628828465938568,0.00036628544330596924,0.15
