Index,Level,Change,% Change
Bitcoin (BTC),43529.54296875,-650.37890625,-1.47
Ethereum (ETH),2231.66015625,-37.3779296875,-1.65
Binance Coin (BNB),313.8743896484375,-9.725616455078125,-3.01
Ripple (XRP),0.5667673945426941,-0.02145862579345703,-3.65
Cardano (ADA),0.5292693972587585,-0.04129761457443237,-7.24
