Index,Level,Change,% Change
Bitcoin (BTC),30250.693359375,1923.205078125,6.79
Ethereum (ETH),1880.0050048828125,87.885009765625,4.9
Binance Coin (BNB),250.79042053222656,3.1159820556640625,1.26
Ripple (XRP),0.5000519752502441,0.00718197226524353,1.46
Cardano (ADA),0.2865428328514099,0.023494839668273926,8.93
