Index,Level,Change,% Change
Bitcoin (BTC),65028.265625,-112.48046875,-0.17
Ethereum (ETH),3562.531982421875,78.8505859375,2.26
Binance Coin (BNB),600.8296508789062,12.1275634765625,2.06
Ripple (XRP),0.4990277886390686,0.00807979702949524,1.65
Cardano (ADA),0.38776880502700806,0.004188805818557739,1.09
