Index,Level,Change,% Change
Bitcoin (BTC),66747.1328125,-1494.0546875,-2.19
Ethereum (ETH),3465.50390625,-94.11376953125,-2.64
Binance Coin (BNB),603.6204833984375,-15.5743408203125,-2.52
Ripple (XRP),0.48318618535995483,-0.008353829383850098,-1.7
Cardano (ADA),0.42521029710769653,-0.012585699558258057,-2.87
