Index,Level,Change,% Change
Bitcoin (BTC),66122.921875,195.25,0.3
Ethereum (ETH),3393.7763671875,-88.219482421875,-2.53
Binance Coin (BNB),581.3319702148438,-0.767578125,-0.13
Ripple (XRP),0.6213775873184204,0.02392059564590454,4.0
Cardano (ADA),0.4110172390937805,0.0009202361106872559,0.22
