Index,Level,Change,% Change
Bitcoin (BTC),69793.0390625,145.046875,0.21
Ethereum (ETH),3678.915771484375,-26.988037109375,-0.73
Binance Coin (BNB),650.06884765625,-23.2464599609375,-3.45
Ripple (XRP),0.4981718361377716,-0.00041115283966064453,-0.08
Cardano (ADA),0.4427243769168854,-0.0013816356658935547,-0.31
