Index,Level,Change,% Change
Bitcoin (BTC),27287.541015625,533.259765625,1.99
Ethereum (ETH),1638.6087646484375,1.26171875,0.08
Binance Coin (BNB),216.6320037841797,0.628082275390625,0.29
Ripple (XRP),0.5208572149276733,0.017654240131378174,3.51
Cardano (ADA),0.2558373808860779,0.0040943920612335205,1.63
