Index,Level,Change,% Change
Bitcoin (BTC),42946.60546875,364.0,0.85
Ethereum (ETH),2299.309326171875,16.764892578125,0.73
Binance Coin (BNB),300.398681640625,0.047607421875,0.02
Ripple (XRP),0.505276620388031,0.00208359956741333,0.41
Cardano (ADA),0.4956105649471283,-0.002645432949066162,-0.53
