Index,Level,Change,% Change
Bitcoin (BTC),27406.390625,475.751953125,1.77
Ethereum (ETH),1823.914794921875,6.3648681640625,0.35
Binance Coin (BNB),310.6977844238281,-1.4381103515625,-0.46
Ripple (XRP),0.42330047488212585,-0.004261523485183716,-1.0
Cardano (ADA),0.37004002928733826,-0.000720977783203125,-0.19
