Index,Level,Change,% Change
Bitcoin (BTC),21381.17578125,294.3828125,1.4
Ethereum (ETH),1591.7442626953125,39.187744140625,2.52
Binance Coin (BNB),292.8796691894531,-1.9725341796875,-0.67
Ripple (XRP),0.40055373311042786,0.006768733263015747,1.72
Cardano (ADA),0.3476318120956421,0.008532822132110596,2.52
