Index,Level,Change,% Change
Bitcoin (BTC),26949.96875,-671.787109375,-2.43
Ethereum (ETH),1787.81005859375,-54.5914306640625,-2.96
Binance Coin (BNB),305.9554748535156,-6.5582275390625,-2.1
Ripple (XRP),0.41435325145721436,-0.016519755125045776,-3.83
Cardano (ADA),0.35273268818855286,-0.011073321104049683,-3.04
