Index,Level,Change,% Change
Bitcoin (BTC),30353.603515625,-91.748046875,-0.3
Ethereum (ETH),1919.767578125,67.540283203125,3.65
Binance Coin (BNB),239.12850952148438,5.89605712890625,2.53
Ripple (XRP),0.4733577072620392,-0.001364290714263916,-0.29
Cardano (ADA),0.2840035855770111,0.008439600467681885,3.06
