Index,Level,Change,% Change
Bitcoin (BTC),31276.1875,884.541015625,2.91
Ethereum (ETH),1990.4437255859375,118.3299560546875,6.32
Binance Coin (BNB),255.10113525390625,11.081253051757812,4.54
Ripple (XRP),0.8178448677062988,0.34673985838890076,73.6
Cardano (ADA),0.34622976183891296,0.05747175216674805,19.9
