Index,Level,Change,% Change
Bitcoin (BTC),34540.6796875,-397.5625,-1.14
Ethereum (ETH),1816.918701171875,16.2977294921875,0.91
Binance Coin (BNB),229.18994140625,-2.5330810546875,-1.09
Ripple (XRP),0.6091321110725403,0.0026931166648864746,0.44
Cardano (ADA),0.32023879885673523,-0.002903193235397339,-0.9
