Index,Level,Change,% Change
Bitcoin (BTC),57853.50390625,-883.765625,-1.5
Ethereum (ETH),2560.6806640625,-102.234130859375,-3.84
Binance Coin (BNB),518.6880493164062,-5.3272705078125,-1.02
Ripple (XRP),0.5611036419868469,-0.008088350296020508,-1.42
Cardano (ADA),0.32361555099487305,-0.011839449405670166,-3.53
