Index,Level,Change,% Change
Bitcoin (BTC),39866.8046875,-210.26953125,-0.52
Ethereum (ETH),2214.0703125,-19.491455078125,-0.87
Binance Coin (BNB),291.8138122558594,-1.277618408203125,-0.44
Ripple (XRP),0.5106331706047058,-0.007354855537414551,-1.42
Cardano (ADA),0.4678225815296173,-0.008473426103591919,-1.78
