Index,Level,Change,% Change
Bitcoin (BTC),30936.578125,-219.861328125,-0.71
Ethereum (ETH),1952.3785400390625,-3.0106201171875,-0.15
Binance Coin (BNB),242.55340576171875,-3.8288116455078125,-1.55
Ripple (XRP),0.48794764280319214,-0.0015993714332580566,-0.33
Cardano (ADA),0.29369571805000305,-0.0026152729988098145,-0.88
