Index,Level,Change,% Change
Bitcoin (BTC),34840.19921875,-597.0546875,-1.68
Ethereum (ETH),1807.38330078125,-39.7064208984375,-2.15
Binance Coin (BNB),232.244384765625,4.2442779541015625,1.86
Ripple (XRP),0.6084545850753784,-0.0010834336280822754,-0.18
Cardano (ADA),0.3171860873699188,0.00972709059715271,3.16
