Index,Level,Change,% Change
Bitcoin (BTC),29411.396484375,-150.09765625,-0.51
Ethereum (ETH),1847.9365234375,-6.361083984375,-0.34
Binance Coin (BNB),240.97145080566406,-2.9221954345703125,-1.2
Ripple (XRP),0.6324588656425476,-0.0109061598777771,-1.7
Cardano (ADA),0.2974267303943634,-0.003713279962539673,-1.23
