Index,Level,Change,% Change
Bitcoin (BTC),16657.244,-12.412000000000262,-0.07
Ethereum (ETH),1206.4796,-9.26260000000002,-0.76
Binance Coin (BNB),268.103,-3.9132399999999734,-1.44
Ripple (XRP),0.3785458,0.002819199999999966,0.75
Cardano (ADA),0.3248682,-0.007751200000000014,-2.33
