Index,Level,Change,% Change
Bitcoin (BTC),68786.21875,-2547.4296875,-3.57
Ethereum (ETH),3437.7763671875,-210.080078125,-5.76
Binance Coin (BNB),572.3014526367188,-34.607177734375,-5.7
Ripple (XRP),0.6070506572723389,-0.022174358367919922,-3.52
Cardano (ADA),0.6108123064041138,-0.03961467742919922,-6.09
