Index,Level,Change,% Change
Bitcoin (BTC),29069.240234375,-702.5625,-2.36
Ethereum (ETH),1847.54931640625,-17.363037109375,-0.93
Binance Coin (BNB),238.17276000976562,-2.8579864501953125,-1.19
Ripple (XRP),0.7047572135925293,-0.028529763221740723,-3.89
Cardano (ADA),0.30448848009109497,-0.005283534526824951,-1.71
