Index,Level,Change,% Change
Bitcoin (BTC),25703.521484375,-108.89453125,-0.42
Ethereum (ETH),1632.617919921875,2.962646484375,0.18
Binance Coin (BNB),214.95068359375,-0.246826171875,-0.11
Ripple (XRP),0.5022357106208801,-0.006139278411865234,-1.21
Cardano (ADA),0.25710529088974,0.0009592771530151367,0.37
