Index,Level,Change,% Change
Bitcoin (BTC),64793.23046875,-2755.36328125,-4.08
Ethereum (ETH),3309.9921875,-207.992919921875,-5.91
Binance Coin (BNB),530.8263549804688,-23.73077392578125,-4.28
Ripple (XRP),0.6056237816810608,-0.04194122552871704,-6.48
Cardano (ADA),0.6182767152786255,-0.04298126697540283,-6.5
