Index,Level,Change,% Change
Bitcoin (BTC),36278.578125,-1602.00390625,-4.23
Ethereum (ETH),1986.677001953125,-73.7314453125,-3.58
Binance Coin (BNB),245.35606384277344,-8.399276733398438,-3.31
Ripple (XRP),0.6235166788101196,-0.02613133192062378,-4.02
Cardano (ADA),0.37823987007141113,-0.0010521411895751953,-0.28
