Index,Level,Change,% Change
Bitcoin (BTC),30230.748046875,-457.416015625,-1.49
Ethereum (ETH),1851.149169921875,-38.55419921875,-2.04
Binance Coin (BNB),233.23634338378906,-4.2563323974609375,-1.79
Ripple (XRP),0.4695195257663727,-0.014320462942123413,-2.96
Cardano (ADA),0.27083703875541687,-0.015682965517044067,-5.47
