Index,Level,Change,% Change
Bitcoin (BTC),34678.53125,10.75,0.03
Ethereum (ETH),1823.6630859375,7.2041015625,0.4
Binance Coin (BNB),226.02403259277344,-0.4159088134765625,-0.18
Ripple (XRP),0.6062865853309631,0.0060045719146728516,1.0
Cardano (ADA),0.29597634077072144,0.002869337797164917,0.98
