Index,Level,Change,% Change
Bitcoin (BTC),29193.435546875,-280.3515625,-0.95
Ethereum (ETH),1888.7471923828125,-20.0391845703125,-1.05
Binance Coin (BNB),322.2694091796875,-8.925689697265625,-2.69
Ripple (XRP),0.47376808524131775,0.00690007209777832,1.48
Cardano (ADA),0.4031982421875,-0.006644755601882935,-1.62
