Index,Level,Change,% Change
Bitcoin (BTC),43530.21484375,-122.03515625,-0.28
Ethereum (ETH),2232.22265625,30.311279296875,1.38
Binance Coin (BNB),269.4630126953125,9.35565185546875,3.6
Ripple (XRP),0.6186957955360413,0.001376807689666748,0.22
Cardano (ADA),0.619786262512207,0.030457258224487305,5.17
