Index,Level,Change,% Change
Bitcoin (BTC),64955.49609375,-1311.99609375,-1.98
Ethereum (ETH),2950.5,-86.556640625,-2.85
Binance Coin (BNB),569.65380859375,-12.4205322265625,-2.13
Ripple (XRP),0.5191322565078735,0.00012826919555664062,0.02
Cardano (ADA),0.4557250440120697,0.0027370452880859375,0.6
