Index,Level,Change,% Change
Bitcoin (BTC),41889.62109375,-1723.51953125,-3.95
Ethereum (ETH),2195.901611328125,-76.66015625,-3.37
Binance Coin (BNB),294.5468444824219,27.473480224609375,10.29
Ripple (XRP),0.6118367314338684,-0.03450024127960205,-5.34
Cardano (ADA),0.5846901535987854,-0.041030824184417725,-6.56
