Index,Level,Change,% Change
Bitcoin (BTC),53669.79296875,-4447.18359375,-7.65
Ethereum (ETH),2409.06005859375,-277.3388671875,-10.32
Binance Coin (BNB),462.1989440917969,-34.84014892578125,-7.01
Ripple (XRP),0.4835894703865051,-0.0398065447807312,-7.61
Cardano (ADA),0.3153669834136963,-0.028571009635925293,-8.31
