Index,Level,Change,% Change
Bitcoin (BTC),42425.6796875,-729.265625,-1.69
Ethereum (ETH),2526.302001953125,-61.38916015625,-2.37
Binance Coin (BNB),308.3404541015625,-6.88580322265625,-2.18
Ripple (XRP),0.5683119893074036,-0.007634997367858887,-1.33
Cardano (ADA),0.526603639125824,-0.009072363376617432,-1.69
