Index,Level,Change,% Change
Bitcoin (BTC),40868.00390625,-2911.6953125,-6.65
Ethereum (ETH),2179.779052734375,-172.68359375,-7.34
Binance Coin (BNB),239.40438842773438,-0.328765869140625,-0.14
Ripple (XRP),0.6083781719207764,-0.053199827671051025,-8.04
Cardano (ADA),0.52904212474823,-0.0651128888130188,-10.96
