Index,Level,Change,% Change
Bitcoin (BTC),19518.572,253.9900000000016,1.32
Ethereum (ETH),1321.2827,15.475400000000036,1.19
Binance Coin (BNB),275.11826,2.6937000000000353,0.99
Ripple (XRP),0.47788924,0.0010402199999999806,0.22
Cardano (ADA),0.3734018,0.0031955000000000178,0.86
