Index,Level,Change,% Change
Bitcoin (BTC),37797.16015625,-61.33203125,-0.16
Ethereum (ETH),2043.058837890625,13.129638671875,0.65
Binance Coin (BNB),227.52813720703125,0.1853790283203125,0.08
Ripple (XRP),0.6037619709968567,-0.005596041679382324,-0.92
Cardano (ADA),0.37681129574775696,-0.004964709281921387,-1.3
