Index,Level,Change,% Change
Bitcoin (BTC),16822.537,-545.3070000000007,-3.14
Ethereum (ETH),1196.3066,-70.54840000000013,-5.57
Binance Coin (BNB),242.57393,-16.024399999999986,-6.2
Ripple (XRP),0.36199185,-0.01585445000000002,-4.2
Cardano (ADA),0.2841144,-0.01612459999999999,-5.37
