Index,Level,Change,% Change
Bitcoin (BTC),58249.375,-2387.48046875,-3.94
Ethereum (ETH),2969.363037109375,-42.923828125,-1.42
Binance Coin (BNB),556.598388671875,-21.8896484375,-3.78
Ripple (XRP),0.5123189687728882,0.012253940105438232,2.45
Cardano (ADA),0.4463745057582855,0.005562514066696167,1.26
