Index,Level,Change,% Change
Bitcoin (BTC),27889.74609375,-356.2421875,-1.26
Ethereum (ETH),1883.603271484375,-59.494384765625,-3.06
Binance Coin (BNB),326.192626953125,8.302703857421875,2.61
Ripple (XRP),0.45847728848457336,-0.01638069748878479,-3.45
Cardano (ADA),0.39312615990638733,-0.022666841745376587,-5.45
