Index,Level,Change,% Change
Bitcoin (BTC),65048.4453125,88.1484375,0.14
Ethereum (ETH),3528.318115234375,-31.029296875,-0.87
Binance Coin (BNB),593.7432250976562,-5.02850341796875,-0.84
Ripple (XRP),0.4917173981666565,-0.0015236139297485352,-0.31
Cardano (ADA),0.3874341547489166,0.0036431550979614258,0.95
