Index,Level,Change,% Change
Bitcoin (BTC),64718.6875,-3611.7265625,-5.29
Ethereum (ETH),3657.743408203125,27.3095703125,0.75
Binance Coin (BNB),405.92449951171875,-13.110931396484375,-3.13
Ripple (XRP),0.6211017966270447,-0.029031217098236084,-4.47
Cardano (ADA),0.7290940284729004,-0.04219996929168701,-5.47
