Index,Level,Change,% Change
Bitcoin (BTC),27159.78125,-567.611328125,-2.05
Ethereum (ETH),1698.660888671875,-31.0648193359375,-1.8
Binance Coin (BNB),222.44142150878906,-4.4214630126953125,-1.95
Ripple (XRP),0.5242086052894592,-0.015856385231018066,-2.94
Cardano (ADA),0.2632087171077728,-0.009240269660949707,-3.39
