Index,Level,Change,% Change
Bitcoin (BTC),45162.25,844.02734375,1.9
Ethereum (ETH),2429.244140625,5.4990234375,0.23
Binance Coin (BNB),317.1357116699219,9.501129150390625,3.09
Ripple (XRP),0.51705402135849,0.0032650232315063477,0.64
Cardano (ADA),0.5260643362998962,0.02429133653640747,4.84
