Index,Level,Change,% Change
Bitcoin (BTC),37739.15234375,-91.93359375,-0.24
Ethereum (ETH),2032.205810546875,-17.13232421875,-0.84
Binance Coin (BNB),227.20196533203125,-2.490997314453125,-1.08
Ripple (XRP),0.6083320379257202,-0.0030899643898010254,-0.51
Cardano (ADA),0.38598424196243286,0.00036025047302246094,0.09
