Index,Level,Change,% Change
Bitcoin (BTC),28243.15625,935.71875,3.43
Ethereum (ETH),1823.6763916015625,85.9593505859375,4.95
Binance Coin (BNB),329.01141357421875,7.123687744140625,2.21
Ripple (XRP),0.4437485337257385,0.02126854658126831,5.03
Cardano (ADA),0.37516364455223083,0.014550656080245972,4.03
