Index,Level,Change,% Change
Bitcoin (BTC),26467.8359375,436.1796875,1.68
Ethereum (ETH),1679.920654296875,46.028076171875,2.82
Binance Coin (BNB),217.1461639404297,6.3118133544921875,2.99
Ripple (XRP),0.5294856429100037,0.00855565071105957,1.64
Cardano (ADA),0.26699623465538025,0.008630245923995972,3.34
