Index,Level,Change,% Change
Bitcoin (BTC),26638.00390625,-573.11328125,-2.11
Ethereum (ETH),1589.3988037109375,-54.1458740234375,-3.29
Binance Coin (BNB),210.85586547851562,-6.3550872802734375,-2.93
Ripple (XRP),0.508722186088562,-0.005428791046142578,-1.06
Cardano (ADA),0.2483416348695755,-0.006918355822563171,-2.71
