Index,Level,Change,% Change
Bitcoin (BTC),23813.451171875,89.681640625,0.38
Ethereum (ETH),1676.49755859375,34.704833984375,2.11
Binance Coin (BNB),328.3219909667969,10.849395751953125,3.42
Ripple (XRP),0.41368985176086426,-0.0002021491527557373,-0.05
Cardano (ADA),0.40633782744407654,0.009094834327697754,2.29
