Index,Level,Change,% Change
Bitcoin (BTC),44109.98828125,1839.4609375,4.35
Ethereum (ETH),2226.888671875,49.01611328125,2.25
Binance Coin (BNB),260.4880676269531,7.8508758544921875,3.11
Ripple (XRP),0.6235280632972717,0.018072068691253662,2.98
Cardano (ADA),0.6077437996864319,0.031143784523010254,5.4
