Index,Level,Change,% Change
Bitcoin (BTC),39814.265625,-31.28515625,-0.08
Ethereum (ETH),2219.463623046875,-21.222412109375,-0.95
Binance Coin (BNB),292.1590270996094,-6.244873046875,-2.09
Ripple (XRP),0.5150606632232666,-0.0026763081550598145,-0.52
Cardano (ADA),0.47228172421455383,-0.004467278718948364,-0.94
