Index,Level,Change,% Change
Bitcoin (BTC),34582.69140625,681.1640625,2.01
Ethereum (ETH),1788.90234375,4.46484375,0.25
Binance Coin (BNB),224.3566131591797,-0.786346435546875,-0.35
Ripple (XRP),0.5586912035942078,0.00015920400619506836,0.03
Cardano (ADA),0.2822650969028473,0.0032720863819122314,1.17
