Index,Level,Change,% Change
Bitcoin (BTC),39312.9453125,-194.421875,-0.49
Ethereum (ETH),2206.40673828125,-104.419677734375,-4.52
Binance Coin (BNB),297.51690673828125,-7.92010498046875,-2.59
Ripple (XRP),0.5107036828994751,-0.01601231098175049,-3.04
Cardano (ADA),0.4684210419654846,-0.010080963373184204,-2.11
