Index,Level,Change,% Change
Bitcoin (BTC),20592.2,-183.6899999999987,-0.88
Ethereum (ETH),1555.9137,-10.638699999999972,-0.68
Binance Coin (BNB),288.00668,-2.395620000000008,-0.82
Ripple (XRP),0.46955615,0.00026130000000001985,0.06
Cardano (ADA),0.4005027,-0.002783670000000016,-0.69
