Index,Level,Change,% Change
Bitcoin (BTC),43814.19921875,521.53515625,1.2
Ethereum (ETH),2352.350341796875,-5.229248046875,-0.22
Binance Coin (BNB),236.9710235595703,3.99359130859375,1.71
Ripple (XRP),0.6654484868049622,0.021816492080688477,3.39
Cardano (ADA),0.5382913947105408,0.08185938000679016,17.93
