Index,Level,Change,% Change
Bitcoin (BTC),16795.291,-818.0370000000003,-4.64
Ethereum (ETH),1265.9104,-33.42699999999991,-2.57
Binance Coin (BNB),287.5142,-15.917100000000005,-5.25
Ripple (XRP),0.3745452,-0.020546479999999978,-5.2
Cardano (ADA),0.34987694,-0.018518259999999953,-5.03
