Index,Level,Change,% Change
Bitcoin (BTC),17066.578,611.6419999999998,3.72
Ethereum (ETH),1290.2118,72.39990000000012,5.95
Binance Coin (BNB),299.49988,3.318939999999998,1.12
Ripple (XRP),0.4058789,0.007366719999999993,1.85
Cardano (ADA),0.31476656,0.005139259999999979,1.66
