Index,Level,Change,% Change
Bitcoin (BTC),52013.15625,186.4609375,0.36
Ethereum (ETH),2826.885986328125,48.983642578125,1.76
Binance Coin (BNB),355.3824462890625,21.136474609375,6.32
Ripple (XRP),0.551749587059021,0.013348579406738281,2.48
Cardano (ADA),0.6001198291778564,0.02281785011291504,3.95
