Index,Level,Change,% Change
Bitcoin (BTC),19512.145,247.56300000000192,1.29
Ethereum (ETH),1321.2418,15.434500000000071,1.18
Binance Coin (BNB),275.03793,2.6133700000000317,0.96
Ripple (XRP),0.47301045,-0.0038385699999999856,-0.8
Cardano (ADA),0.37140858,0.00120228,0.32
