Index,Level,Change,% Change
Bitcoin (BTC),20447.902,-185.375,-0.9
Ethereum (ETH),1572.4589,-17.327699999999822,-1.09
Binance Coin (BNB),328.41953,14.820730000000026,4.73
Ripple (XRP),0.4546691,-0.0037599999999999856,-0.82
Cardano (ADA),0.4055111,-0.0004412599999999989,-0.11
