Index,Level,Change,% Change
Bitcoin (BTC),38116.7734375,862.60546875,2.32
Ethereum (ETH),2062.903564453125,35.4862060546875,1.75
Binance Coin (BNB),230.40228271484375,2.980804443359375,1.31
Ripple (XRP),0.6133264303207397,0.009173452854156494,1.52
Cardano (ADA),0.38669395446777344,0.008334964513778687,2.2
