Index,Level,Change,% Change
Bitcoin (BTC),25153.037109375,28.361328125,0.11
Ethereum (ETH),1654.3076171875,3.788330078125,0.23
Binance Coin (BNB),233.9136505126953,-3.660614013671875,-1.54
Ripple (XRP),0.4765365719795227,-0.003683418035507202,-0.77
Cardano (ADA),0.2568802833557129,-0.0063457190990448,-2.41
