Index,Level,Change,% Change
Bitcoin (BTC),63974.0546875,-507.65234375,-0.79
Ethereum (ETH),3147.859130859375,-8.650390625,-0.27
Binance Coin (BNB),603.5355224609375,-10.469482421875,-1.71
Ripple (XRP),0.523703932762146,-0.0018080472946166992,-0.34
Cardano (ADA),0.46592170000076294,-0.005098313093185425,-1.08
