Index,Level,Change,% Change
Bitcoin (BTC),42921.2421875,-154.53125,-0.36
Ethereum (ETH),2295.430908203125,-8.393798828125,-0.36
Binance Coin (BNB),300.55596923828125,0.38006591796875,0.13
Ripple (XRP),0.503196656703949,-0.002662360668182373,-0.53
Cardano (ADA),0.5108798146247864,0.003856837749481201,0.76
