Index,Level,Change,% Change
Bitcoin (BTC),25452.427734375,1254.89453125,5.19
Ethereum (ETH),1749.8905029296875,69.58154296875,4.14
Binance Coin (BNB),315.87872314453125,6.966522216796875,2.26
Ripple (XRP),0.38134753704071045,0.007561534643173218,2.02
Cardano (ADA),0.3580259084701538,0.013440907001495361,3.9
