Index,Level,Change,% Change
Bitcoin (BTC),28142.24609375,352.025390625,1.27
Ethereum (ETH),1866.3792724609375,56.0821533203125,3.1
Binance Coin (BNB),311.2237548828125,2.661376953125,0.86
Ripple (XRP),0.5029842853546143,0.006024271249771118,1.21
Cardano (ADA),0.3915269672870636,0.009773969650268555,2.56
