Index,Level,Change,% Change
Bitcoin (BTC),26565.158203125,-645.958984375,-2.37
Ethereum (ETH),1592.428955078125,-51.11572265625,-3.11
Binance Coin (BNB),210.73056030273438,-6.4803924560546875,-2.98
Ripple (XRP),0.5143342614173889,0.00018328428268432617,0.04
Cardano (ADA),0.24397647380828857,-0.011283516883850098,-4.42
