Index,Level,Change,% Change
Bitcoin (BTC),70460.046875,-2623.453125,-3.59
Ethereum (ETH),3845.13623046875,-161.32080078125,-4.03
Binance Coin (BNB),593.4811401367188,-37.0802001953125,-5.88
Ripple (XRP),0.6718277931213379,-0.019122183322906494,-2.77
Cardano (ADA),0.7476969361305237,-0.01688307523727417,-2.21
