Index,Level,Change,% Change
Bitcoin (BTC),37280.57421875,587.44921875,1.6
Ethereum (ETH),2101.477294921875,-19.083740234375,-0.9
Binance Coin (BNB),251.09228515625,-0.4185638427734375,-0.17
Ripple (XRP),0.6596696972846985,-0.007805287837982178,-1.17
Cardano (ADA),0.37346988916397095,0.005134880542755127,1.39
