Index,Level,Change,% Change
Bitcoin (BTC),16526.584,162.7679999999982,0.99
Ethereum (ETH),1232.0659,8.668300000000045,0.71
Binance Coin (BNB),276.01376,-0.7874199999999973,-0.28
Ripple (XRP),0.3497221,0.007945099999999983,2.32
Cardano (ADA),0.3275276,-0.003414430000000024,-1.03
