Index,Level,Change,% Change
Bitcoin (BTC),69019.609375,-1737.5546875,-2.46
Ethereum (ETH),3666.869873046875,-144.736083984375,-3.8
Binance Coin (BNB),676.97998046875,-33.48406982421875,-4.71
Ripple (XRP),0.48414477705955505,-0.037433236837387085,-7.18
Cardano (ADA),0.4463353455066681,-0.011766642332077026,-2.57
