Index,Level,Change,% Change
Bitcoin (BTC),51339.32421875,-439.8203125,-0.85
Ethereum (ETH),2916.640869140625,-26.933837890625,-0.92
Binance Coin (BNB),349.6405334472656,-2.16656494140625,-0.62
Ripple (XRP),0.5542607307434082,-0.008336246013641357,-1.48
Cardano (ADA),0.6032684445381165,-0.02779453992843628,-4.4
