Index,Level,Change,% Change
Bitcoin (BTC),62887.359375,-2470.140625,-3.78
Ethereum (ETH),3022.59130859375,-178.97314453125,-5.59
Binance Coin (BNB),557.7848510742188,-17.36187744140625,-3.02
Ripple (XRP),0.5637108683586121,-0.0327531099319458,-5.49
Cardano (ADA),0.3656795024871826,-0.027026504278182983,-6.88
