Index,Level,Change,% Change
Bitcoin (BTC),68479.8125,2201.4453125,3.32
Ethereum (ETH),3146.910888671875,75.06787109375,2.44
Binance Coin (BNB),578.6063842773438,3.9747314453125,0.69
Ripple (XRP),0.522376537322998,0.012715518474578857,2.49
Cardano (ADA),0.4693940579891205,0.0017920434474945068,0.38
