Index,Level,Change,% Change
Bitcoin (BTC),61522.1875,-2289.67578125,-3.59
Ethereum (ETH),3023.226318359375,-61.69384765625,-2.0
Binance Coin (BNB),536.1014404296875,-1.7279052734375,-0.32
Ripple (XRP),0.49883338809013367,0.002138376235961914,0.43
Cardano (ADA),0.45239514112472534,-0.006209850311279297,-1.35
