Index,Level,Change,% Change
Bitcoin (BTC),23335.173828125,-226.0390625,-0.96
Ethereum (ETH),1626.0306396484375,-14.7864990234375,-0.9
Binance Coin (BNB),303.04962158203125,-5.94744873046875,-1.92
Ripple (XRP),0.3767307996749878,-0.001310199499130249,-0.35
Cardano (ADA),0.36180323362350464,-0.007169753313064575,-1.94
