Index,Level,Change,% Change
Bitcoin (BTC),70995.578125,-87.2421875,-0.12
Ethereum (ETH),3830.381591796875,-33.87939453125,-0.88
Binance Coin (BNB),706.8992309570312,8.00982666015625,1.15
Ripple (XRP),0.5236627459526062,-0.0020482540130615234,-0.39
Cardano (ADA),0.4580558240413666,-0.003119170665740967,-0.68
