Index,Level,Change,% Change
Bitcoin (BTC),26592.380859375,-806.421875,-2.94
Ethereum (ETH),1782.4505615234375,-39.4090576171875,-2.16
Binance Coin (BNB),307.1775817871094,-6.90594482421875,-2.2
Ripple (XRP),0.4512878656387329,0.0026988685131073,0.6
Cardano (ADA),0.36807388067245483,-0.007351130247116089,-1.96
