Index,Level,Change,% Change
Bitcoin (BTC),16864.22,-1644.9359999999979,-8.89
Ethereum (ETH),1188.555,-141.0076999999999,-10.61
Binance Coin (BNB),283.7141,-42.21455000000003,-12.95
Ripple (XRP),0.35471308,-0.050497179999999975,-12.46
Cardano (ADA),0.34251288,-0.028124539999999976,-7.59
