Index,Level,Change,% Change
Bitcoin (BTC),46431.0546875,2487.95703125,5.66
Ethereum (ETH),2333.708740234375,110.8427734375,4.99
Binance Coin (BNB),306.93865966796875,4.048126220703125,1.34
Ripple (XRP),0.5757458806037903,0.024004876613616943,4.35
Cardano (ADA),0.5300962328910828,0.035922229290008545,7.27
