Index,Level,Change,% Change
Bitcoin (BTC),66732.046875,-105.6328125,-0.16
Ethereum (ETH),3232.893310546875,31.2412109375,0.98
Binance Coin (BNB),610.30322265625,4.72772216796875,0.78
Ripple (XRP),0.5517199635505676,-0.005113065242767334,-0.92
Cardano (ADA),0.5044740438461304,-0.012410938739776611,-2.4
