Index,Level,Change,% Change
Bitcoin (BTC),28077.822265625,-100.162109375,-0.36
Ethereum (ETH),1876.4769287109375,-32.6370849609375,-1.71
Binance Coin (BNB),312.98785400390625,-1.0753173828125,-0.34
Ripple (XRP),0.5085702538490295,0.0023352503776550293,0.46
Cardano (ADA),0.38478198647499084,-0.0075820088386535645,-1.93
