Index,Level,Change,% Change
Bitcoin (BTC),61255.2109375,-1646.23828125,-2.62
Ethereum (ETH),2880.5751953125,-68.784423828125,-2.33
Binance Coin (BNB),566.5023193359375,-25.1046142578125,-4.24
Ripple (XRP),0.5036575198173523,-0.0012444853782653809,-0.25
Cardano (ADA),0.43108895421028137,-0.0054510533809661865,-1.25
