Index,Level,Change,% Change
Bitcoin (BTC),26723.740234375,247.533203125,0.93
Ethereum (ETH),1830.1064453125,24.1527099609375,1.34
Binance Coin (BNB),306.466064453125,1.732421875,0.57
Ripple (XRP),0.4638989269733429,0.010164916515350342,2.24
Cardano (ADA),0.36331117153167725,0.0048951804637908936,1.37
