Index,Level,Change,% Change
Bitcoin (BTC),43629.2421875,613.125,1.43
Ethereum (ETH),2281.940185546875,16.248046875,0.72
Binance Coin (BNB),266.92437744140625,2.207275390625,0.83
Ripple (XRP),0.6371575593948364,0.023639559745788574,3.85
Cardano (ADA),0.6233988404273987,0.029443860054016113,4.96
