Index,Level,Change,% Change
Bitcoin (BTC),59209.6328125,-178.546875,-0.3
Ethereum (ETH),2537.61767578125,8.824951171875,0.35
Binance Coin (BNB),536.2623901367188,-0.36328125,-0.07
Ripple (XRP),0.5614719390869141,-0.0005830526351928711,-0.1
Cardano (ADA),0.34818118810653687,-0.008859813213348389,-2.48
