Index,Level,Change,% Change
Bitcoin (BTC),30588.271484375,502.025390625,1.67
Ethereum (ETH),1856.2218017578125,28.2506103515625,1.55
Binance Coin (BNB),233.9293670654297,3.2790069580078125,1.42
Ripple (XRP),0.47415387630462646,0.008931875228881836,1.92
Cardano (ADA),0.27504900097846985,0.00788000226020813,2.95
