Index,Level,Change,% Change
Bitcoin (BTC),25896.423828125,-73.142578125,-0.28
Ethereum (ETH),1629.751708984375,-6.365966796875,-0.39
Binance Coin (BNB),215.55368041992188,1.1537322998046875,0.54
Ripple (XRP),0.5066555738449097,0.001606583595275879,0.32
Cardano (ADA),0.2565094232559204,0.0007164180278778076,0.28
