Index,Level,Change,% Change
Bitcoin (BTC),59042.16796875,322.68359375,0.55
Ethereum (ETH),2661.840576171875,108.58837890625,4.25
Binance Coin (BNB),513.475341796875,9.670806884765625,1.92
Ripple (XRP),0.5672882795333862,0.014356255531311035,2.6
Cardano (ADA),0.33797168731689453,0.009649693965911865,2.94
