Index,Level,Change,% Change
Bitcoin (BTC),28755.033203125,-251.275390625,-0.87
Ethereum (ETH),1871.34814453125,-33.3037109375,-1.75
Binance Coin (BNB),323.9430236816406,-2.269866943359375,-0.7
Ripple (XRP),0.45808523893356323,-0.005408763885498047,-1.17
Cardano (ADA),0.3867577910423279,-0.007184207439422607,-1.82
