Index,Level,Change,% Change
Bitcoin (BTC),29966.15234375,313.171875,1.06
Ethereum (ETH),1906.3743896484375,-4.8331298828125,-0.25
Binance Coin (BNB),319.6209411621094,1.24188232421875,0.39
Ripple (XRP),0.5033884644508362,-0.014929533004760742,-2.88
Cardano (ADA),0.4036978483200073,0.006708860397338867,1.69
