Index,Level,Change,% Change
Bitcoin (BTC),34361.8515625,-140.51171875,-0.41
Ethereum (ETH),1800.918212890625,-9.17041015625,-0.51
Binance Coin (BNB),225.15371704101562,-3.1337127685546875,-1.37
Ripple (XRP),0.5994556546211243,0.020511627197265625,3.54
Cardano (ADA),0.29194024205207825,-0.010793745517730713,-3.57
