Index,Level,Change,% Change
Bitcoin (BTC),22877.75,-261.533203125,-1.13
Ethereum (ETH),1566.8572998046875,-19.6781005859375,-1.24
Binance Coin (BNB),307.826416015625,-4.534637451171875,-1.45
Ripple (XRP),0.40074050426483154,-0.005648493766784668,-1.39
Cardano (ADA),0.37562131881713867,-0.01530468463897705,-3.91
