Index,Level,Change,% Change
Bitcoin (BTC),67631.6796875,-1762.875,-2.54
Ethereum (ETH),3818.923828125,-73.0830078125,-1.88
Binance Coin (BNB),598.8092651367188,-4.7171630859375,-0.78
Ripple (XRP),0.524860680103302,-0.008911311626434326,-1.67
Cardano (ADA),0.45558786392211914,-0.01237514615058899,-2.64
