Index,Level,Change,% Change
Bitcoin (BTC),42054.953125,2121.14453125,5.31
Ethereum (ETH),2268.87451171875,51.164306640625,2.31
Binance Coin (BNB),302.2331237792969,10.3138427734375,3.53
Ripple (XRP),0.5337755680084229,0.020169556140899658,3.93
Cardano (ADA),0.4873912036418915,0.020912200212478638,4.48
