Index,Level,Change,% Change
Bitcoin (BTC),27134.66796875,98.017578125,0.36
Ethereum (ETH),1820.5677490234375,-3.5537109375,-0.19
Binance Coin (BNB),312.0300598144531,0.6500244140625,0.21
Ripple (XRP),0.4456186294555664,0.004196643829345703,0.95
Cardano (ADA),0.37431809306144714,0.00648808479309082,1.76
