Index,Level,Change,% Change
Bitcoin (BTC),27945.0078125,-93.66796875,-0.33
Ethereum (ETH),1761.4808349609375,-24.095703125,-1.35
Binance Coin (BNB),339.2469177246094,2.2686767578125,0.67
Ripple (XRP),0.3767450451850891,-0.011719942092895508,-3.02
Cardano (ADA),0.33597978949546814,-0.010030210018157959,-2.9
