Index,Level,Change,% Change
Bitcoin (BTC),22866.7265625,146.310546875,0.64
Ethereum (ETH),1624.5771484375,-3.804931640625,-0.23
Binance Coin (BNB),304.77130126953125,1.724853515625,0.57
Ripple (XRP),0.4260055720806122,0.025038570165634155,6.24
Cardano (ADA),0.3761530816555023,-0.00044092535972595215,-0.12
