Index,Level,Change,% Change
Bitcoin (BTC),29310.6328125,-97.810546875,-0.33
Ethereum (ETH),1839.32763671875,-4.858154296875,-0.26
Binance Coin (BNB),239.079833984375,-1.2594146728515625,-0.52
Ripple (XRP),0.6213638782501221,-0.01291811466217041,-2.04
Cardano (ADA),0.2873348891735077,-0.0032761096954345703,-1.13
