Index,Level,Change,% Change
Bitcoin (BTC),68609.6171875,1684.1328125,2.52
Ethereum (ETH),3938.061279296875,63.713623046875,1.64
Binance Coin (BNB),485.34735107421875,10.05670166015625,2.12
Ripple (XRP),0.6212930679321289,-0.007330954074859619,-1.17
Cardano (ADA),0.7259642481803894,-0.01877772808074951,-2.52
