Index,Level,Change,% Change
Bitcoin (BTC),68669.9609375,-1317.875,-1.88
Ethereum (ETH),3479.5810546875,-107.923828125,-3.01
Binance Coin (BNB),568.4440307617188,-11.70648193359375,-2.02
Ripple (XRP),0.6122748851776123,-0.019978106021881104,-3.16
Cardano (ADA),0.6364319324493408,-0.02860206365585327,-4.3
