Index,Level,Change,% Change
Bitcoin (BTC),60666.1484375,-1838.640625,-2.94
Ethereum (ETH),3366.8896484375,-18.814208984375,-0.56
Binance Coin (BNB),404.36572265625,-11.4058837890625,-2.74
Ripple (XRP),0.6078602075576782,0.03204917907714844,5.57
Cardano (ADA),0.6700531840324402,0.0389941930770874,6.18
