Index,Level,Change,% Change
Bitcoin (BTC),27900.107421875,1049.078125,3.91
Ethereum (ETH),1780.2396240234375,42.5802001953125,2.45
Binance Coin (BNB),243.530029296875,0.6266632080078125,0.26
Ripple (XRP),0.4876042902469635,-0.00579071044921875,-1.17
Cardano (ADA),0.2655770778656006,0.0025290846824645996,0.96
