Index,Level,Change,% Change
Bitcoin (BTC),23656.052734375,508.69921875,2.2
Ethereum (ETH),1652.9776611328125,47.08251953125,2.93
Binance Coin (BNB),302.3910217285156,0.91619873046875,0.3
Ripple (XRP),0.3831755518913269,0.006025552749633789,1.6
Cardano (ADA),0.36065658926963806,0.008202582597732544,2.33
