Index,Level,Change,% Change
Bitcoin (BTC),60429.7734375,3344.40234375,5.86
Ethereum (ETH),3288.14599609375,43.626708984375,1.34
Binance Coin (BNB),406.65264892578125,11.657012939453125,2.95
Ripple (XRP),0.5618211627006531,-0.0244368314743042,-4.17
Cardano (ADA),0.6104927659034729,-0.013723254203796387,-2.2
