Index,Level,Change,% Change
Bitcoin (BTC),27631.6015625,-62.671875,-0.23
Ethereum (ETH),1848.4862060546875,-0.5565185546875,-0.03
Binance Coin (BNB),312.4560852050781,-9.15496826171875,-2.85
Ripple (XRP),0.4227193295955658,-0.006195664405822754,-1.44
Cardano (ADA),0.36332395672798157,-0.013582050800323486,-3.6
