Index,Level,Change,% Change
Bitcoin (BTC),23785.1875,-1043.9609375,-4.2
Ethereum (ETH),1616.970458984375,-85.7047119140625,-5.03
Binance Coin (BNB),306.9305114746094,-8.446929931640625,-2.68
Ripple (XRP),0.39213091135025024,-0.006394088268280029,-1.6
Cardano (ADA),0.3835156559944153,-0.020487338304519653,-5.07
