Index,Level,Change,% Change
Bitcoin (BTC),27397.357421875,-194.02734375,-0.7
Ethereum (ETH),1834.1431884765625,-27.9188232421875,-1.5
Binance Coin (BNB),331.1273193359375,0.50848388671875,0.15
Ripple (XRP),0.4568580090999603,-0.008157998323440552,-1.75
Cardano (ADA),0.3857707977294922,-0.003229200839996338,-0.83
