Index,Level,Change,% Change
Bitcoin (BTC),33535.91796875,-620.73046875,-1.82
Ethereum (ETH),1759.463623046875,-44.57568359375,-2.47
Binance Coin (BNB),222.16708374023438,-1.0689544677734375,-0.48
Ripple (XRP),0.5399814248085022,-0.013701558113098145,-2.47
Cardano (ADA),0.2843779921531677,-0.0029140114784240723,-1.01
