Index,Level,Change,% Change
Bitcoin (BTC),27923.630859375,-120.509765625,-0.43
Ethereum (ETH),1858.59765625,-14.324951171875,-0.76
Binance Coin (BNB),311.2984619140625,-1.15618896484375,-0.37
Ripple (XRP),0.5122684240341187,0.008970439434051514,1.78
Cardano (ADA),0.38319283723831177,-1.71661376953125e-05,-0.0
