Index,Level,Change,% Change
Bitcoin (BTC),56656.7578125,-320.9453125,-0.56
Ethereum (ETH),2989.19384765625,-65.328125,-2.14
Binance Coin (BNB),497.7701110839844,-16.224395751953125,-3.16
Ripple (XRP),0.42602095007896423,-0.007553040981292725,-1.74
Cardano (ADA),0.35274744033813477,-0.010111570358276367,-2.79
