Index,Level,Change,% Change
Bitcoin (BTC),37564.30078125,177.75390625,0.48
Ethereum (ETH),2043.684814453125,30.4803466796875,1.51
Binance Coin (BNB),256.95172119140625,10.363937377929688,4.2
Ripple (XRP),0.6193426251411438,-0.008156359195709229,-1.3
Cardano (ADA),0.38862094283103943,0.004095941781997681,1.07
