Index,Level,Change,% Change
Bitcoin (BTC),16519.38,-380.89300000000003,-2.25
Ethereum (ETH),1204.8075,-47.618400000000065,-3.8
Binance Coin (BNB),270.56454,-6.358529999999973,-2.3
Ripple (XRP),0.36951277,-0.019290680000000004,-4.96
Cardano (ADA),0.3283776,-0.008811500000000028,-2.61
