Index,Level,Change,% Change
Bitcoin (BTC),62545.55859375,210.7421875,0.34
Ethereum (ETH),3012.814208984375,6.237060546875,0.21
Binance Coin (BNB),586.5054321289062,9.01922607421875,1.56
Ripple (XRP),0.5275601744651794,0.0028162002563476562,0.54
Cardano (ADA),0.46269530057907104,0.02082228660583496,4.71
