Index,Level,Change,% Change
Bitcoin (BTC),68637.546875,2656.734375,4.03
Ethereum (ETH),3395.444091796875,84.002197265625,2.54
Binance Coin (BNB),595.311279296875,33.2916259765625,5.92
Ripple (XRP),0.6013544201850891,0.02643740177154541,4.6
Cardano (ADA),0.5914461612701416,0.020168185234069824,3.53
