Index,Level,Change,% Change
Bitcoin (BTC),30249.12890625,804.083984375,2.73
Ethereum (ETH),2086.30517578125,10.062255859375,0.48
Binance Coin (BNB),342.34271240234375,2.348602294921875,0.69
Ripple (XRP),0.519526481628418,0.008399486541748047,1.64
Cardano (ADA),0.43930405378341675,0.005137056112289429,1.18
