Index,Level,Change,% Change
Bitcoin (BTC),19945.546875,-417.474609375,-2.05
Ethereum (ETH),1413.15869140625,-25.5020751953125,-1.77
Binance Coin (BNB),276.0077819824219,-1.288330078125,-0.46
Ripple (XRP),0.36654606461524963,-0.00558394193649292,-1.5
Cardano (ADA),0.30940425395965576,-0.00027373433113098145,-0.09
