Index,Level,Change,% Change
Bitcoin (BTC),46545.30078125,-82.4765625,-0.18
Ethereum (ETH),2601.541259765625,19.437744140625,0.75
Binance Coin (BNB),308.1240234375,3.027191162109375,0.99
Ripple (XRP),0.6041989326477051,0.004209935665130615,0.7
Cardano (ADA),0.5796089172363281,0.012961924076080322,2.29
