Index,Level,Change,% Change
Bitcoin (BTC),57019.55859375,2497.15625,4.58
Ethereum (ETH),3239.620361328125,60.626708984375,1.91
Binance Coin (BNB),394.5440673828125,-7.099822998046875,-1.77
Ripple (XRP),0.5731458067893982,0.02174079418182373,3.94
Cardano (ADA),0.6179556846618652,-0.0017803311347961426,-0.29
