Index,Level,Change,% Change
Bitcoin (BTC),43061.21484375,402.546875,0.94
Ethereum (ETH),2350.750732421875,51.86181640625,2.26
Binance Coin (BNB),302.3495788574219,1.49554443359375,0.5
Ripple (XRP),0.5056069493293762,-0.000637054443359375,-0.13
Cardano (ADA),0.497169554233551,0.00382956862449646,0.78
