Index,Level,Change,% Change
Bitcoin (BTC),22692.986328125,56.517578125,0.25
Ethereum (ETH),1556.4195556640625,-0.1846923828125,-0.01
Binance Coin (BNB),301.65765380859375,1.045318603515625,0.35
Ripple (XRP),0.41053125262260437,0.002824246883392334,0.69
Cardano (ADA),0.35957860946655273,0.000281602144241333,0.08
