Index,Level,Change,% Change
Bitcoin (BTC),73216.8828125,1735.59375,2.43
Ethereum (ETH),3999.953125,19.679931640625,0.49
Binance Coin (BNB),593.2586059570312,55.39288330078125,10.3
Ripple (XRP),0.6877157092094421,-0.0004932880401611328,-0.07
Cardano (ADA),0.7509839534759521,0.0029289722442626953,0.39
