Index,Level,Change,% Change
Bitcoin (BTC),30482.673828125,247.615234375,0.82
Ethereum (ETH),2012.6016845703125,120.4119873046875,6.36
Binance Coin (BNB),324.5107727050781,1.75250244140625,0.54
Ripple (XRP),0.5109403133392334,-0.006577670574188232,-1.27
Cardano (ADA),0.41585636138916016,0.014400362968444824,3.59
