Index,Level,Change,% Change
Bitcoin (BTC),57980.43359375,-1132.046875,-1.92
Ethereum (ETH),2453.60595703125,-84.581298828125,-3.33
Binance Coin (BNB),522.9411010742188,-3.49761962890625,-0.66
Ripple (XRP),0.5630171895027161,-0.004569828510284424,-0.81
Cardano (ADA),0.3237506151199341,-0.01221737265586853,-3.64
