Index,Level,Change,% Change
Bitcoin (BTC),27686.19140625,-248.8984375,-0.89
Ethereum (ETH),1581.7972412109375,-51.7513427734375,-3.17
Binance Coin (BNB),207.18038940429688,-4.339599609375,-2.05
Ripple (XRP),0.5017212629318237,-0.01623976230621338,-3.14
Cardano (ADA),0.2535054683685303,-0.0031235218048095703,-1.22
