Index,Level,Change,% Change
BITCOIN,19529.98,265.39800000000105,1.38
ETHEREUM,1326.7854,20.97810000000004,1.61
BINANCE COIN,275.1031,2.678539999999998,0.98
RIPPLE,0.47703728,0.00018825999999999565,0.04
CARDANO,0.3723087,0.0021024000000000043,0.57
