Index,Level,Change,% Change
Bitcoin (BTC),60214.87890625,-1495.2578125,-2.42
Ethereum (ETH),2591.826171875,-91.526611328125,-3.41
Binance Coin (BNB),505.34039306640625,-11.99713134765625,-2.32
Ripple (XRP),0.5759857296943665,-0.04159128665924072,-6.73
Cardano (ADA),0.34567055106163025,-0.006143450736999512,-1.75
