Index,Level,Change,% Change
Bitcoin (BTC),28117.47265625,-1151.333984375,-3.93
Ethereum (ETH),1831.2999267578125,-45.6243896484375,-2.43
Binance Coin (BNB),329.4890441894531,-8.156494140625,-2.42
Ripple (XRP),0.4593724012374878,-0.012959599494934082,-2.74
Cardano (ADA),0.38574379682540894,-0.011610209941864014,-2.92
