Index,Level,Change,% Change
Bitcoin (BTC),27915.748046875,-432.693359375,-1.53
Ethereum (ETH),1774.7542724609375,-18.24755859375,-1.02
Binance Coin (BNB),314.7558898925781,0.91412353515625,0.29
Ripple (XRP),0.5343198180198669,-0.009257197380065918,-1.7
Cardano (ADA),0.37321150302886963,0.004857510328292847,1.32
