Index,Level,Change,% Change
Bitcoin (BTC),60585.07421875,1572.28125,2.66
Ethereum (ETH),2635.93017578125,62.8232421875,2.44
Binance Coin (BNB),562.9027099609375,-6.3642578125,-1.12
Ripple (XRP),0.6014514565467834,0.007023453712463379,1.18
Cardano (ADA),0.37288257479667664,0.0291975736618042,8.5
