Index,Level,Change,% Change
Bitcoin (BTC),29190.638671875,38.6796875,0.13
Ethereum (ETH),1843.77783203125,4.6881103515625,0.25
Binance Coin (BNB),240.7114715576172,0.216827392578125,0.09
Ripple (XRP),0.6713569760322571,-0.013838052749633789,-2.02
Cardano (ADA),0.29545852541923523,-0.003930479288101196,-1.31
