Index,Level,Change,% Change
Bitcoin (BTC),72424.21875,3404.4296875,4.93
Ethereum (ETH),4060.806884765625,179.61376953125,4.63
Binance Coin (BNB),518.9337158203125,-10.4410400390625,-1.97
Ripple (XRP),0.7421258687973022,0.1336938738822937,21.97
Cardano (ADA),0.7750523686408997,0.05782538652420044,8.06
