Index,Level,Change,% Change
Bitcoin (BTC),17353.299,1476.2419999999984,9.3
Ethereum (ETH),1275.7639,176.9112,16.1
Binance Coin (BNB),299.4203,33.91059999999999,12.77
Ripple (XRP),0.38294882,0.05143812000000003,15.52
Cardano (ADA),0.36314324,0.04625868999999999,14.6
