Index,Level,Change,% Change
Bitcoin (BTC),30336.3515625,-62.71484375,-0.21
Ethereum (ETH),2084.3876953125,71.7530517578125,3.57
Binance Coin (BNB),328.5155944824219,3.5675048828125,1.1
Ripple (XRP),0.5202381610870361,0.006946146488189697,1.35
Cardano (ADA),0.431998610496521,0.0062396228313446045,1.47
