Index,Level,Change,% Change
Bitcoin (BTC),51886.40625,-52.1484375,-0.1
Ethereum (ETH),2773.839599609375,-50.539306640625,-1.79
Binance Coin (BNB),356.2980041503906,1.587188720703125,0.45
Ripple (XRP),0.5627001523971558,-5.4836273193359375e-05,-0.01
Cardano (ADA),0.5884392857551575,-0.019923686981201172,-3.27
