Index,Level,Change,% Change
Bitcoin (BTC),24229.81640625,2065.8671875,9.32
Ethereum (ETH),1673.7725830078125,83.4796142578125,5.25
Binance Coin (BNB),308.5520935058594,18.876312255859375,6.52
Ripple (XRP),0.37216123938560486,-0.0011567473411560059,-0.31
Cardano (ADA),0.34453749656677246,0.012998491525650024,3.92
