Index,Level,Change,% Change
Bitcoin (BTC),43058.4765625,793.2890625,1.88
Ethereum (ETH),2325.93994140625,44.46875,1.95
Binance Coin (BNB),312.5916748046875,0.155975341796875,0.05
Ripple (XRP),0.6248530149459839,0.00991201400756836,1.61
Cardano (ADA),0.6110681891441345,0.01686316728591919,2.84
