Index,Level,Change,% Change
Bitcoin (BTC),17434.662,-382.775999999998,-2.15
Ethereum (ETH),1273.4528,-35.99459999999999,-2.75
Binance Coin (BNB),260.87527,-7.106479999999976,-2.65
Ripple (XRP),0.37752116,-0.008405410000000002,-2.18
Cardano (ADA),0.30106312,-0.007010609999999973,-2.28
