Index,Level,Change,% Change
Bitcoin (BTC),54823.375,-1210.94140625,-2.16
Ethereum (ETH),2335.728759765625,-122.9951171875,-5.0
Binance Coin (BNB),469.81292724609375,-14.510894775390625,-3.0
Ripple (XRP),0.5007666349411011,-0.004930377006530762,-0.97
Cardano (ADA),0.31811898946762085,-0.012663006782531738,-3.83
