Index,Level,Change,% Change
Bitcoin (BTC),35229.77734375,192.40625,0.55
Ethereum (ETH),1887.548095703125,-12.289306640625,-0.65
Binance Coin (BNB),246.56739807128906,-8.067398071289062,-3.17
Ripple (XRP),0.6831210851669312,-0.032395899295806885,-4.53
Cardano (ADA),0.34882357716560364,-0.01458442211151123,-4.01
