Index,Level,Change,% Change
Bitcoin (BTC),22826.107421875,-948.458984375,-3.99
Ethereum (ETH),1555.950439453125,-90.2052001953125,-5.48
Binance Coin (BNB),305.23223876953125,-12.103973388671875,-3.81
Ripple (XRP),0.39431217312812805,-0.019451826810836792,-4.7
Cardano (ADA),0.37316983938217163,-0.02314317226409912,-5.84
