Index,Level,Change,% Change
Bitcoin (BTC),27540.53515625,110.556640625,0.4
Ethereum (ETH),1639.870849609375,-16.8148193359375,-1.01
Binance Coin (BNB),212.57518005371094,-0.8607635498046875,-0.4
Ripple (XRP),0.535446286201477,-0.0029407143592834473,-0.55
Cardano (ADA),0.25650838017463684,-0.004519611597061157,-1.73
