Index,Level,Change,% Change
Bitcoin (BTC),60309.1484375,-3531.97265625,-5.53
Ethereum (ETH),2974.54345703125,-240.885498046875,-7.49
Binance Coin (BNB),566.6966552734375,-26.13458251953125,-4.41
Ripple (XRP),0.49587446451187134,-0.019557535648345947,-3.79
Cardano (ADA),0.4337312579154968,-0.023633748292922974,-5.17
