Index,Level,Change,% Change
Bitcoin (BTC),20435.182,-47.74199999999837,-0.23
Ethereum (ETH),1579.2532,7.948800000000119,0.51
Binance Coin (BNB),323.58655,-2.336119999999994,-0.72
Ripple (XRP),0.46237838,-0.0019402800000000164,-0.42
Cardano (ADA),0.4029447,-0.0026873500000000328,-0.66
