Index,Level,Change,% Change
Bitcoin (BTC),27460.52734375,-198.248046875,-0.72
Ethereum (ETH),1834.8970947265625,-13.7060546875,-0.74
Binance Coin (BNB),312.5723571777344,0.05865478515625,0.02
Ripple (XRP),0.4237912595272064,-0.006096750497817993,-1.42
Cardano (ADA),0.3653848171234131,0.0015788078308105469,0.43
