Index,Level,Change,% Change
Bitcoin (BTC),26337.95703125,81.130859375,0.31
Ethereum (ETH),1591.7255859375,10.8721923828125,0.69
Binance Coin (BNB),209.8640899658203,1.5811920166015625,0.76
Ripple (XRP),0.5049506425857544,0.0025626420974731445,0.51
Cardano (ADA),0.2454211264848709,0.002395123243331909,0.99
