Index,Level,Change,% Change
Bitcoin (BTC),28635.8828125,307.541015625,1.09
Ethereum (ETH),1563.721435546875,-0.0284423828125,-0.0
Binance Coin (BNB),210.74453735351562,0.243499755859375,0.12
Ripple (XRP),0.4881596565246582,-0.00015935301780700684,-0.03
Cardano (ADA),0.24449904263019562,0.0010460466146469116,0.43
