Index,Level,Change,% Change
Bitcoin (BTC),67320.671875,-975.546875,-1.43
Ethereum (ETH),3752.00732421875,-88.2490234375,-2.3
Binance Coin (BNB),594.2421264648438,-6.97113037109375,-1.16
Ripple (XRP),0.5249414443969727,-0.0032935738563537598,-0.62
Cardano (ADA),0.4538227319717407,-0.003167271614074707,-0.69
