Index,Level,Change,% Change
Bitcoin (BTC),27675.306640625,149.966796875,0.54
Ethereum (ETH),1841.2144775390625,-1.54296875,-0.08
Binance Coin (BNB),332.989990234375,1.744110107421875,0.53
Ripple (XRP),0.462433397769928,0.0011603832244873047,0.25
Cardano (ADA),0.38485002517700195,-0.004149973392486572,-1.07
