Index,Level,Change,% Change
Bitcoin (BTC),18848.865234375,913.96875,5.1
Ethereum (ETH),1422.9337158203125,35.0009765625,2.52
Binance Coin (BNB),286.5539855957031,1.507476806640625,0.53
Ripple (XRP),0.3759082853794098,0.0017502903938293457,0.47
Cardano (ADA),0.33110541105270386,0.008356422185897827,2.59
