Index,Level,Change,% Change
Bitcoin (BTC),29187.4375,17.08984375,0.06
Ethereum (ETH),1826.2261962890625,-0.70654296875,-0.04
Binance Coin (BNB),234.84115600585938,-1.8384246826171875,-0.78
Ripple (XRP),0.600864827632904,-0.008734166622161865,-1.43
Cardano (ADA),0.27639704942703247,-0.005419939756393433,-1.92
