Index,Level,Change,% Change
Bitcoin (BTC),29076.83203125,-598.900390625,-2.02
Ethereum (ETH),1831.19921875,-40.5928955078125,-2.17
Binance Coin (BNB),240.97718811035156,-6.52783203125,-2.64
Ripple (XRP),0.6844655275344849,-0.022745490074157715,-3.22
Cardano (ADA),0.30149373412132263,-0.008457273244857788,-2.73
