Index,Level,Change,% Change
Bitcoin (BTC),63697.9453125,-1793.4453125,-2.74
Ethereum (ETH),3331.842529296875,-161.148681640625,-4.61
Binance Coin (BNB),544.1411743164062,-9.1070556640625,-1.65
Ripple (XRP),0.6106721758842468,-0.03001880645751953,-4.69
Cardano (ADA),0.6112816333770752,-0.020586371421813965,-3.26
