Index,Level,Change,% Change
Bitcoin (BTC),43135.04296875,244.30078125,0.57
Ethereum (ETH),2299.539306640625,38.890625,1.72
Binance Coin (BNB),252.6035614013672,0.18023681640625,0.07
Ripple (XRP),0.6300557255744934,0.0015697479248046875,0.25
Cardano (ADA),0.6373814940452576,-0.027862489223480225,-4.19
