Index,Level,Change,% Change
Bitcoin (BTC),62040.703125,-839.95703125,-1.34
Ethereum (ETH),2581.2177734375,-100.122802734375,-3.73
Binance Coin (BNB),549.9490966796875,1.12109375,0.2
Ripple (XRP),0.5968804955482483,0.009410500526428223,1.6
Cardano (ADA),0.36713218688964844,0.00017517805099487305,0.05
