Index,Level,Change,% Change
Bitcoin (BTC),28020.306640625,-147.783203125,-0.52
Ethereum (ETH),1899.0703125,28.065185546875,1.5
Binance Coin (BNB),312.0711975097656,1.07635498046875,0.35
Ripple (XRP),0.505268394947052,0.001789391040802002,0.36
Cardano (ADA),0.3912714421749115,0.0015884339809417725,0.41
