Index,Level,Change,% Change
Bitcoin (BTC),28216.2109375,16.90234375,0.06
Ethereum (ETH),1831.54345703125,35.8353271484375,2.0
Binance Coin (BNB),310.9556579589844,-2.97296142578125,-0.95
Ripple (XRP),0.5104936957359314,-0.008459329605102539,-1.63
Cardano (ADA),0.39150795340538025,0.009754955768585205,2.56
