Index,Level,Change,% Change
Bitcoin (BTC),30097.583984375,1770.095703125,6.25
Ethereum (ETH),1887.576416015625,95.4564208984375,5.33
Binance Coin (BNB),244.75924682617188,-2.915191650390625,-1.18
Ripple (XRP),0.49681356549263,0.0039435625076293945,0.8
Cardano (ADA),0.2925156056880951,0.022186607122421265,8.21
