Index,Level,Change,% Change
Bitcoin (BTC),29567.23046875,719.51953125,2.49
Ethereum (ETH),1997.0877685546875,119.3836669921875,6.36
Binance Coin (BNB),328.5284729003906,2.315582275390625,0.71
Ripple (XRP),0.46837884187698364,0.006805837154388428,1.47
Cardano (ADA),0.39448344707489014,0.0005414485931396484,0.14
