Index,Level,Change,% Change
Bitcoin (BTC),23143.552734375,303.4140625,1.33
Ethereum (ETH),1592.5426025390625,25.216064453125,1.61
Binance Coin (BNB),313.24432373046875,6.175445556640625,2.01
Ripple (XRP),0.4086689352989197,0.014077931642532349,3.57
Cardano (ADA),0.3911812901496887,0.01867029070854187,5.01
