Index,Level,Change,% Change
Bitcoin (BTC),16941.107,-225.63300000000163,-1.31
Ethereum (ETH),1275.9622,-19.941500000000133,-1.54
Binance Coin (BNB),292.16663,-9.286890000000028,-3.08
Ripple (XRP),0.39650333,-0.012264610000000009,-3.0
Cardano (ADA),0.3150566,-0.004364800000000002,-1.37
