Index,Level,Change,% Change
Bitcoin (BTC),22999.251953125,64.8203125,0.28
Ethereum (ETH),1621.5872802734375,-6.663818359375,-0.41
Binance Coin (BNB),310.3929748535156,4.888885498046875,1.6
Ripple (XRP),0.4230597913265228,-0.0018832087516784668,-0.44
Cardano (ADA),0.37745803594589233,0.0019540488719940186,0.52
