Index,Level,Change,% Change
Bitcoin (BTC),29719.68359375,-136.87890625,-0.46
Ethereum (ETH),1887.150146484375,-10.4490966796875,-0.55
Binance Coin (BNB),241.09542846679688,0.8304901123046875,0.35
Ripple (XRP),0.7891790866851807,0.009639084339141846,1.24
Cardano (ADA),0.3148668110370636,0.007467806339263916,2.43
