Index,Level,Change,% Change
Bitcoin (BTC),27355.171875,-175.61328125,-0.64
Ethereum (ETH),1651.710205078125,-11.9173583984375,-0.72
Binance Coin (BNB),213.32504272460938,-1.432891845703125,-0.67
Ripple (XRP),0.5121122002601624,-0.0007197856903076172,-0.14
Cardano (ADA),0.2604406774044037,0.0009276866912841797,0.36
