Index,Level,Change,% Change
Bitcoin (BTC),35944.48828125,-557.8671875,-1.53
Ethereum (ETH),2014.830078125,-40.435302734375,-1.97
Binance Coin (BNB),242.31044006347656,0.975372314453125,0.4
Ripple (XRP),0.6438466906547546,-0.027677297592163086,-4.12
Cardano (ADA),0.3576720952987671,-0.0007429122924804688,-0.21
