Index,Level,Change,% Change
Bitcoin (BTC),29511.736328125,-803.619140625,-2.65
Ethereum (ETH),2083.451904296875,-36.553955078125,-1.72
Binance Coin (BNB),341.0918273925781,-7.12908935546875,-2.05
Ripple (XRP),0.511587381362915,-0.009804606437683105,-1.88
Cardano (ADA),0.43793705105781555,-0.013817936182022095,-3.06
