Index,Level,Change,% Change
Bitcoin (BTC),26487.45703125,2111.49609375,8.66
Ethereum (ETH),1725.391845703125,69.2113037109375,4.18
Binance Coin (BNB),331.6924133300781,24.567474365234375,8.0
Ripple (XRP),0.3730718493461609,0.012513846158981323,3.47
Cardano (ADA),0.3386795222759247,0.014042526483535767,4.33
