Index,Level,Change,% Change
Bitcoin (BTC),21362.8828125,193.25,0.91
Ethereum (ETH),1592.2384033203125,15.4049072265625,0.98
Binance Coin (BNB),303.4817199707031,4.48248291015625,1.5
Ripple (XRP),0.39417803287506104,0.007602035999298096,1.97
Cardano (ADA),0.35370197892189026,0.0036619901657104492,1.05
