Index,Level,Change,% Change
Bitcoin (BTC),63672.11328125,-2066.61328125,-3.14
Ethereum (ETH),3092.3857421875,-64.55615234375,-2.04
Binance Coin (BNB),555.0538330078125,-12.16461181640625,-2.14
Ripple (XRP),0.49370646476745605,-0.010551512241363525,-2.09
Cardano (ADA),0.4499211013317108,-0.018989890813827515,-4.05
