Index,Level,Change,% Change
Bitcoin (BTC),27908.107421875,-793.671875,-2.77
Ethereum (ETH),1736.1336669921875,-69.525390625,-3.85
Binance Coin (BNB),226.20606994628906,-5.6626739501953125,-2.44
Ripple (XRP),0.578084409236908,-0.010243594646453857,-1.74
Cardano (ADA),0.2724674344062805,-0.0020645558834075928,-0.75
