Index,Level,Change,% Change
Bitcoin (BTC),43959.81640625,-120.83203125,-0.27
Ethereum (ETH),2274.317626953125,-19.524169921875,-0.85
Binance Coin (BNB),231.37725830078125,0.11590576171875,0.05
Ripple (XRP),0.6275708675384521,0.005573868751525879,0.9
Cardano (ADA),0.4453422725200653,0.019684284925460815,4.62
