Index,Level,Change,% Change
Bitcoin (BTC),27050.607421875,230.634765625,0.86
Ethereum (ETH),1894.1748046875,31.973388671875,1.72
Binance Coin (BNB),306.961181640625,2.007904052734375,0.66
Ripple (XRP),0.5185427665710449,0.011225759983062744,2.21
Cardano (ADA),0.37695884704589844,0.01223483681678772,3.35
