Index,Level,Change,% Change
Bitcoin (BTC),26741.58203125,207.39453125,0.78
Ethereum (ETH),1638.31787109375,15.421142578125,0.95
Binance Coin (BNB),216.03778076171875,-0.4279937744140625,-0.2
Ripple (XRP),0.5008590221405029,0.007818013429641724,1.59
Cardano (ADA),0.25149956345558167,0.004183560609817505,1.69
