Index,Level,Change,% Change
Bitcoin (BTC),37744.64453125,455.0234375,1.22
Ethereum (ETH),2095.047607421875,32.8369140625,1.59
Binance Coin (BNB),232.40296936035156,-1.3628387451171875,-0.58
Ripple (XRP),0.620155394077301,-8.660554885864258e-05,-0.01
Cardano (ADA),0.387777715921402,0.0011027157306671143,0.29
