Index,Level,Change,% Change
Bitcoin (BTC),30429.875,15.404296875,0.05
Ethereum (ETH),1868.5048828125,-12.051513671875,-0.64
Binance Coin (BNB),247.79161071777344,1.9173431396484375,0.78
Ripple (XRP),0.4718319773674011,-0.005832016468048096,-1.22
Cardano (ADA),0.28976935148239136,0.0017783641815185547,0.62
