Index,Level,Change,% Change
Bitcoin (BTC),51514.546875,-324.6328125,-0.63
Ethereum (ETH),2978.022216796875,7.666748046875,0.26
Binance Coin (BNB),380.6209716796875,2.083648681640625,0.55
Ripple (XRP),0.5454113483428955,-0.00359266996383667,-0.65
Cardano (ADA),0.5942502617835999,-0.004207730293273926,-0.7
