Index,Level,Change,% Change
Bitcoin (BTC),45256.09765625,1088.765625,2.47
Ethereum (ETH),2369.299072265625,16.97119140625,0.72
Binance Coin (BNB),310.74102783203125,-3.667266845703125,-1.17
Ripple (XRP),0.6252112984657288,-0.004870712757110596,-0.77
Cardano (ADA),0.6153149008750916,-0.007795095443725586,-1.25
