Index,Level,Change,% Change
Bitcoin (BTC),30401.970703125,230.736328125,0.76
Ethereum (ETH),1882.8004150390625,19.7906494140625,1.06
Binance Coin (BNB),245.64442443847656,11.416061401367188,4.87
Ripple (XRP),0.473955363035202,0.00540536642074585,1.15
Cardano (ADA),0.2892431318759918,0.004652142524719238,1.63
