Index,Level,Change,% Change
Bitcoin (BTC),57947.10546875,1242.0078125,2.19
Ethereum (ETH),3069.986083984375,51.254150390625,1.7
Binance Coin (BNB),520.0493774414062,9.43511962890625,1.85
Ripple (XRP),0.4348445236682892,0.0033645331859588623,0.78
Cardano (ADA),0.37612104415893555,0.007114052772521973,1.93
