Index,Level,Change,% Change
Bitcoin (BTC),61082.93359375,1728.41796875,2.91
Ethereum (ETH),2705.26708984375,-19.164794921875,-0.7
Binance Coin (BNB),522.3179321289062,3.78179931640625,0.73
Ripple (XRP),0.5806259512901306,0.011857926845550537,2.08
Cardano (ADA),0.3418557941913605,0.0028787851333618164,0.85
