Index,Level,Change,% Change
Bitcoin (BTC),62024.4375,836.49609375,1.37
Ethereum (ETH),3012.28759765625,38.63037109375,1.3
Binance Coin (BNB),593.8744506835938,5.677001953125,0.97
Ripple (XRP),0.5180580615997314,0.000828087329864502,0.16
Cardano (ADA),0.4577055275440216,0.005152523517608643,1.14
