Index,Level,Change,% Change
Bitcoin (BTC),26367.841796875,-632.947265625,-2.34
Ethereum (ETH),1773.4498291015625,-23.040771484375,-1.28
Binance Coin (BNB),305.7437744140625,-1.952056884765625,-0.63
Ripple (XRP),0.42358076572418213,0.0017017722129821777,0.4
Cardano (ADA),0.359794020652771,-0.00024497509002685547,-0.07
