Index,Level,Change,% Change
Bitcoin (BTC),64536.92578125,-560.22265625,-0.86
Ethereum (ETH),3419.3154296875,-24.197998046875,-0.7
Binance Coin (BNB),572.3352661132812,-4.24871826171875,-0.74
Ripple (XRP),0.6169905066490173,0.037614524364471436,6.49
Cardano (ADA),0.4418562650680542,0.0036672651767730713,0.84
