Index,Level,Change,% Change
Bitcoin (BTC),37277.92578125,-154.4140625,-0.41
Ethereum (ETH),2061.030029296875,-3.395263671875,-0.16
Binance Coin (BNB),232.1667022705078,-3.9698944091796875,-1.68
Ripple (XRP),0.6193352341651917,0.007436215877532959,1.22
Cardano (ADA),0.38268131017684937,0.002021312713623047,0.53
