Index,Level,Change,% Change
Bitcoin (BTC),26271.111328125,-954.615234375,-3.51
Ethereum (ETH),1790.037841796875,-64.3427734375,-3.47
Binance Coin (BNB),305.472412109375,-8.0338134765625,-2.56
Ripple (XRP),0.45015189051628113,-0.015278100967407227,-3.28
Cardano (ADA),0.3626365661621094,-0.007847428321838379,-2.12
