Index,Level,Change,% Change
Bitcoin (BTC),43008.10546875,972.51171875,2.31
Ethereum (ETH),2305.49169921875,48.282958984375,2.14
Binance Coin (BNB),309.9519348144531,4.976318359375,1.63
Ripple (XRP),0.53508061170578,0.010986626148223877,2.1
Cardano (ADA),0.5168035626411438,0.027084559202194214,5.53
