Index,Level,Change,% Change
Bitcoin (BTC),63311.03125,2929.1171875,4.85
Ethereum (ETH),2728.19677734375,105.245361328125,4.01
Binance Coin (BNB),584.6932373046875,1.641357421875,0.28
Ripple (XRP),0.6078221797943115,0.01022118330001831,1.71
Cardano (ADA),0.3874428868293762,0.010906875133514404,2.9
