Index,Level,Change,% Change
Bitcoin (BTC),62827.203125,-286.02734375,-0.45
Ethereum (ETH),3162.6533203125,-100.121337890625,-3.07
Binance Coin (BNB),589.4984130859375,-10.57275390625,-1.76
Ripple (XRP),0.513841986656189,0.003464996814727783,0.68
Cardano (ADA),0.45341065526008606,-0.007063359022140503,-1.53
