Index,Level,Change,% Change
Bitcoin (BTC),34050.46875,-452.3515625,-1.31
Ethereum (ETH),1787.54931640625,0.1517333984375,0.01
Binance Coin (BNB),221.86260986328125,-0.31732177734375,-0.14
Ripple (XRP),0.5537244081497192,-0.0015816092491149902,-0.28
Cardano (ADA),0.2873745560646057,0.006818562746047974,2.43
