Index,Level,Change,% Change
Bitcoin (BTC),70814.015625,1358.671875,1.96
Ethereum (ETH),3559.2275390625,59.1123046875,1.69
Binance Coin (BNB),582.9192504882812,8.40765380859375,1.46
Ripple (XRP),0.6298982501029968,0.01793426275253296,2.93
Cardano (ADA),0.6515594124794006,0.0030764341354370117,0.47
