Index,Level,Change,% Change
Bitcoin (BTC),28357.79296875,-464.88671875,-1.61
Ethereum (ETH),1929.081298828125,-7.3221435546875,-0.38
Binance Coin (BNB),316.5989990234375,-6.1085205078125,-1.89
Ripple (XRP),0.4701763391494751,-0.021422654390335083,-4.36
Cardano (ADA),0.39765921235084534,-0.01813378930091858,-4.36
