Index,Level,Change,% Change
Bitcoin (BTC),42674.95703125,-2283.01171875,-5.08
Ethereum (ETH),2208.312255859375,-147.524169921875,-6.26
Binance Coin (BNB),315.6716003417969,3.567779541015625,1.14
Ripple (XRP),0.5740582942962646,-0.05130469799041748,-8.2
Cardano (ADA),0.5564591288566589,-0.049207866191864014,-8.12
