Index,Level,Change,% Change
Bitcoin (BTC),27686.767578125,-647.205078125,-2.28
Ethereum (ETH),1741.7503662109375,-74.65478515625,-4.11
Binance Coin (BNB),319.7778015136719,-10.0592041015625,-3.05
Ripple (XRP),0.41966763138771057,-0.025182366371154785,-5.66
Cardano (ADA),0.36189350485801697,-0.010151505470275879,-2.73
