Index,Level,Change,% Change
Bitcoin (BTC),59370.83203125,343.20703125,0.58
Ethereum (ETH),2531.90966796875,3.494140625,0.14
Binance Coin (BNB),536.2366943359375,-0.5794677734375,-0.11
Ripple (XRP),0.5661796927452087,-0.003670334815979004,-0.64
Cardano (ADA),0.356563925743103,0.006371915340423584,1.82
