Index,Level,Change,% Change
Bitcoin (BTC),26897.25,65.041015625,0.24
Ethereum (ETH),1816.9696044921875,15.2410888671875,0.85
Binance Coin (BNB),309.1595153808594,-0.29718017578125,-0.1
Ripple (XRP),0.4678516983985901,0.00755271315574646,1.64
Cardano (ADA),0.36905714869499207,-0.006367862224578857,-1.7
