Index,Level,Change,% Change
Bitcoin (BTC),26715.13671875,-158.18359375,-0.59
Ethereum (ETH),1534.3250732421875,-31.9296875,-2.04
Binance Coin (BNB),205.7705841064453,-0.7628326416015625,-0.37
Ripple (XRP),0.4824950695037842,-0.0063429176807403564,-1.3
Cardano (ADA),0.24440957605838776,-0.0035914182662963867,-1.45
