Index,Level,Change,% Change
Bitcoin (BTC),30930.00390625,1017.72265625,3.4
Ethereum (ETH),1904.41162109375,31.4686279296875,1.68
Binance Coin (BNB),245.25616455078125,4.4637298583984375,1.85
Ripple (XRP),0.49775874614715576,0.002783745527267456,0.56
Cardano (ADA),0.2989839017391205,0.008670896291732788,2.99
