Index,Level,Change,% Change
Bitcoin (BTC),29328.203125,-101.388671875,-0.34
Ethereum (ETH),1842.390380859375,-8.363037109375,-0.45
Binance Coin (BNB),238.85997009277344,-2.402496337890625,-1.0
Ripple (XRP),0.6302393674850464,-0.0027466416358947754,-0.43
Cardano (ADA),0.294376939535141,-0.0017530620098114014,-0.59
