Index,Level,Change,% Change
Bitcoin (BTC),57755.6015625,324.578125,0.57
Ethereum (ETH),2444.28662109375,23.682861328125,0.98
Binance Coin (BNB),506.5601806640625,-12.1087646484375,-2.33
Ripple (XRP),0.5586310029029846,0.0012400150299072266,0.22
Cardano (ADA),0.32241231203079224,0.0038613080978393555,1.21
