Index,Level,Change,% Change
Bitcoin (BTC),25924.677734375,-199.462890625,-0.76
Ethereum (ETH),1636.4647216796875,-30.8043212890625,-1.85
Binance Coin (BNB),208.8515167236328,-1.7874298095703125,-0.85
Ripple (XRP),0.5115130543708801,-0.01302492618560791,-2.48
Cardano (ADA),0.25476428866386414,-0.00841471552848816,-3.2
