Index,Level,Change,% Change
Bitcoin (BTC),29716.599609375,1293.8984375,4.55
Ethereum (ETH),1928.901611328125,62.33740234375,3.34
Binance Coin (BNB),335.2823486328125,4.4605712890625,1.35
Ripple (XRP),0.4660501182079315,0.004013121128082275,0.87
Cardano (ADA),0.4166664183139801,0.0217474102973938,5.51
