Index,Level,Change,% Change
Bitcoin (BTC),59243.59375,989.58203125,1.7
Ethereum (ETH),2984.387939453125,14.603271484375,0.49
Binance Coin (BNB),562.4500122070312,1.04180908203125,0.19
Ripple (XRP),0.5217389464378357,0.004738926887512207,0.92
Cardano (ADA),0.45389261841773987,0.004026621580123901,0.9
