Index,Level,Change,% Change
Bitcoin (BTC),25477.326171875,-454.146484375,-1.75
Ethereum (ETH),1606.767333984375,-38.871826171875,-2.36
Binance Coin (BNB),211.8225860595703,-4.77520751953125,-2.2
Ripple (XRP),0.4944615066051483,-0.016337484121322632,-3.2
Cardano (ADA),0.25328248739242554,-0.0020905137062072754,-0.82
