Index,Level,Change,% Change
Bitcoin (BTC),23404.015625,-67.85546875,-0.29
Ethereum (ETH),1656.9688720703125,13.727294921875,0.84
Binance Coin (BNB),331.1156311035156,7.765838623046875,2.4
Ripple (XRP),0.4095001816749573,-0.0002468228340148926,-0.06
Cardano (ADA),0.4051481783390045,0.00758516788482666,1.91
