Index,Level,Change,% Change
Bitcoin (BTC),20941.678,730.7829999999994,3.62
Ethereum (ETH),1636.9917,105.48450000000003,6.89
Binance Coin (BNB),352.72592,23.169979999999953,7.03
Ripple (XRP),0.492423,0.037339540000000004,8.2
Cardano (ADA),0.4197601,0.030126700000000006,7.73
