Index,Level,Change,% Change
Bitcoin (BTC),36409.0234375,753.74609375,2.11
Ethereum (ETH),2010.6612548828125,121.3388671875,6.42
Binance Coin (BNB),245.39730834960938,-1.725982666015625,-0.7
Ripple (XRP),0.6567465662956238,-0.031329452991485596,-4.55
Cardano (ADA),0.36917710304260254,0.010827094316482544,3.02
