Index,Level,Change,% Change
Bitcoin (BTC),41713.98828125,1735.59765625,4.34
Ethereum (ETH),2225.165283203125,31.4736328125,1.43
Binance Coin (BNB),231.0214080810547,2.9232025146484375,1.28
Ripple (XRP),0.6199565529823303,-0.0037664175033569336,-0.6
Cardano (ADA),0.40104904770851135,0.00589403510093689,1.49
