Index,Level,Change,% Change
Bitcoin (BTC),59426.50390625,1866.40625,3.24
Ethereum (ETH),2619.450927734375,49.36328125,1.92
Binance Coin (BNB),520.9326782226562,1.06231689453125,0.2
Ripple (XRP),0.567531943321228,0.006576955318450928,1.17
Cardano (ADA),0.3321891129016876,0.006836116313934326,2.1
