Index,Level,Change,% Change
Bitcoin (BTC),16581.898,-16.18999999999869,-0.1
Ethereum (ETH),1202.9282,19.931100000000015,1.68
Binance Coin (BNB),299.5699,1.3427599999999984,0.45
Ripple (XRP),0.3994666,0.018208649999999993,4.78
Cardano (ADA),0.31615686,-0.0027314400000000294,-0.86
