Index,Level,Change,% Change
Bitcoin (BTC),20739.4,631.5169999999998,3.14
Ethereum (ETH),1556.9431,95.01189999999997,6.5
Binance Coin (BNB),289.6449,4.699470000000019,1.65
Ripple (XRP),0.4641712,0.0027579999999999827,0.6
Cardano (ADA),0.40308258,0.0010282400000000136,0.26
