Index,Level,Change,% Change
Bitcoin (BTC),17233.264,381.257999999998,2.26
Ethereum (ETH),1282.2264,49.92059999999992,4.05
Binance Coin (BNB),289.93173,5.598479999999995,1.97
Ripple (XRP),0.39215922,0.008498099999999953,2.22
Cardano (ADA),0.31491843,0.004726680000000039,1.52
