Index,Level,Change,% Change
Bitcoin (BTC),59558.34765625,4530.88671875,8.23
Ethereum (ETH),2584.98193359375,248.392578125,10.63
Binance Coin (BNB),505.0442810058594,30.81951904296875,6.5
Ripple (XRP),0.6252169013023376,0.024406909942626953,4.06
Cardano (ADA),0.3412894904613495,0.017591476440429688,5.43
