Index,Level,Change,% Change
Bitcoin (BTC),56428.046875,1586.48046875,2.89
Ethereum (ETH),2330.08935546875,32.79638671875,1.43
Binance Coin (BNB),516.3858032226562,13.385650634765625,2.66
Ripple (XRP),0.5343930721282959,0.005102097988128662,0.96
Cardano (ADA),0.34196895360946655,0.003309965133666992,0.98
