Index,Level,Change,% Change
Bitcoin (BTC),16928.855,-177.1860000000015,-1.04
Ethereum (ETH),1252.9442,-25.666600000000017,-2.01
Binance Coin (BNB),286.78085,-5.028290000000027,-1.72
Ripple (XRP),0.38365796,-0.0062842399999999965,-1.61
Cardano (ADA),0.31766394,-0.004684679999999997,-1.45
