Index,Level,Change,% Change
Bitcoin (BTC),69518.5234375,-618.0078125,-0.88
Ethereum (ETH),3720.731201171875,-68.58154296875,-1.81
Binance Coin (BNB),612.75048828125,-5.66998291015625,-0.92
Ripple (XRP),0.5280221700668335,-0.008960843086242676,-1.67
Cardano (ADA),0.47873079776763916,-0.01604321599006653,-3.24
