Index,Level,Change,% Change
Bitcoin (BTC),25978.2265625,-184.146484375,-0.7
Ethereum (ETH),1648.003662109375,-11.94091796875,-0.72
Binance Coin (BNB),217.8617706298828,-0.7846221923828125,-0.36
Ripple (XRP),0.5227076411247253,0.004294633865356445,0.83
Cardano (ADA),0.26120302081108093,-0.004680991172790527,-1.76
