Index,Level,Change,% Change
Bitcoin (BTC),28465.0546875,-54.412109375,-0.19
Ethereum (ETH),1569.142578125,-31.3917236328125,-1.96
Binance Coin (BNB),211.802490234375,-3.0214691162109375,-1.41
Ripple (XRP),0.49206769466400146,-0.00590929388999939,-1.19
Cardano (ADA),0.24761450290679932,-0.003948509693145752,-1.57
