Index,Level,Change,% Change
Bitcoin (BTC),59082.30859375,598.34375,1.02
Ethereum (ETH),2604.3779296875,-8.979248046875,-0.34
Binance Coin (BNB),554.8056030273438,23.19708251953125,4.36
Ripple (XRP),0.6032557487487793,0.03938072919845581,6.98
Cardano (ADA),0.3365280330181122,0.0016970336437225342,0.51
