Index,Level,Change,% Change
Bitcoin (BTC),16648.232,-46.47699999999895,-0.28
Ethereum (ETH),1207.775,6.532000000000153,0.54
Binance Coin (BNB),273.30975,5.301969999999983,1.98
Ripple (XRP),0.38201666,-0.0004173199999999988,-0.11
Cardano (ADA),0.32458448,-0.00016882000000001396,-0.05
