Index,Level,Change,% Change
Bitcoin (BTC),25652.76171875,-127.220703125,-0.49
Ethereum (ETH),1628.6832275390625,-4.9461669921875,-0.3
Binance Coin (BNB),214.62294006347656,0.144805908203125,0.07
Ripple (XRP),0.4991978108882904,-0.0062132179737091064,-1.23
Cardano (ADA),0.2567956745624542,-0.0008183121681213379,-0.32
