Index,Level,Change,% Change
Bitcoin (BTC),71920.6953125,2558.140625,3.69
Ethereum (ETH),3692.29150390625,238.796875,6.91
Binance Coin (BNB),589.2449951171875,5.142822265625,0.88
Ripple (XRP),0.6242098808288574,0.029375851154327393,4.94
Cardano (ADA),0.6134783625602722,0.024004340171813965,4.07
