Index,Level,Change,% Change
Bitcoin (BTC),64672.44140625,-197.7109375,-0.3
Ethereum (ETH),3461.603271484375,-27.949462890625,-0.8
Binance Coin (BNB),577.3360595703125,-8.80499267578125,-1.5
Ripple (XRP),0.5820144414901733,0.04413646459579468,8.21
Cardano (ADA),0.44424083828926086,-0.0013411641120910645,-0.3
