Index,Level,Change,% Change
Bitcoin (BTC),23190.73046875,157.953125,0.69
Ethereum (ETH),1605.3050537109375,2.1990966796875,0.14
Binance Coin (BNB),308.4408874511719,3.5743408203125,1.17
Ripple (XRP),0.4124876856803894,0.002384692430496216,0.58
Cardano (ADA),0.3825426995754242,0.0024836957454681396,0.65
