Index,Level,Change,% Change
Bitcoin (BTC),66475.6953125,3308.32421875,5.24
Ethereum (ETH),3553.13818359375,62.14453125,1.78
Binance Coin (BNB),411.977783203125,-2.403289794921875,-0.58
Ripple (XRP),0.6404536366462708,0.013381659984588623,2.13
Cardano (ADA),0.7641955614089966,0.03595757484436035,4.94
