Index,Level,Change,% Change
Bitcoin (BTC),30189.71875,280.380859375,0.94
Ethereum (ETH),1863.2060546875,14.569580078125,0.79
Binance Coin (BNB),234.92034912109375,2.600921630859375,1.12
Ripple (XRP),0.4663614332675934,0.0026224255561828613,0.57
Cardano (ADA),0.2830009460449219,0.0033009350299835205,1.18
