Index,Level,Change,% Change
Bitcoin (BTC),26022.107421875,-409.533203125,-1.55
Ethereum (ETH),1645.763671875,-33.5107421875,-2.0
Binance Coin (BNB),217.31297302246094,0.9136810302734375,0.42
Ripple (XRP),0.5161861181259155,-0.013715863227844238,-2.59
Cardano (ADA),0.26517346501350403,-0.0027915239334106445,-1.04
