Index,Level,Change,% Change
Bitcoin (BTC),46571.96484375,432.234375,0.94
Ethereum (ETH),2431.800537109375,86.973388671875,3.71
Binance Coin (BNB),296.8632507324219,-4.11285400390625,-1.37
Ripple (XRP),0.5722833275794983,0.005650341510772705,1.0
Cardano (ADA),0.5131769180297852,0.0016499161720275879,0.32
