Index,Level,Change,% Change
Bitcoin (BTC),66896.3515625,3095.15234375,4.85
Ethereum (ETH),3842.469970703125,287.50537109375,8.09
Binance Coin (BNB),423.7259521484375,29.064208984375,7.36
Ripple (XRP),0.6088697910308838,0.015968799591064453,2.69
Cardano (ADA),0.7217754125595093,0.02828538417816162,4.08
