Index,Level,Change,% Change
Bitcoin (BTC),27359.935546875,-223.7421875,-0.81
Ethereum (ETH),1564.5333251953125,-15.2733154296875,-0.97
Binance Coin (BNB),207.99221801757812,2.2412567138671875,1.09
Ripple (XRP),0.4968273639678955,-0.006399631500244141,-1.27
Cardano (ADA),0.24841855466365814,-0.003223434090614319,-1.28
