Index,Level,Change,% Change
Bitcoin (BTC),22019.9765625,-409.78125,-1.83
Ethereum (ETH),1552.0626220703125,-15.3360595703125,-0.98
Binance Coin (BNB),289.8553466796875,1.800384521484375,0.63
Ripple (XRP),0.3936666250228882,0.023195624351501465,6.26
Cardano (ADA),0.32174360752105713,-0.009077399969100952,-2.74
