Index,Level,Change,% Change
Bitcoin (BTC),37042.8515625,-436.26953125,-1.16
Ethereum (ETH),2017.4874267578125,-45.7987060546875,-2.22
Binance Coin (BNB),226.67129516601562,-5.3759002685546875,-2.32
Ripple (XRP),0.6023702621459961,-0.014448761940002441,-2.34
Cardano (ADA),0.3789423406124115,-0.009242653846740723,-2.38
