Index,Level,Change,% Change
Bitcoin (BTC),66554.4765625,2580.41015625,4.03
Ethereum (ETH),3499.2705078125,73.011962890625,2.13
Binance Coin (BNB),590.2740478515625,18.322509765625,3.2
Ripple (XRP),0.5796422958374023,0.010068297386169434,1.77
Cardano (ADA),0.4353964030742645,0.011490404605865479,2.71
