Index,Level,Change,% Change
Bitcoin (BTC),63057.953125,-103.99609375,-0.16
Ethereum (ETH),3039.22265625,-23.506103515625,-0.77
Binance Coin (BNB),587.1069946289062,-1.36895751953125,-0.23
Ripple (XRP),0.5391980409622192,-0.0013489723205566406,-0.25
Cardano (ADA),0.44896748661994934,-0.005320519208908081,-1.17
