Index,Level,Change,% Change
Bitcoin (BTC),41505.1953125,-1237.45703125,-2.9
Ethereum (ETH),2463.247802734375,-65.12158203125,-2.58
Binance Coin (BNB),310.5603942871094,1.475006103515625,0.48
Ripple (XRP),0.5511363744735718,-0.01683664321899414,-2.96
Cardano (ADA),0.5081299543380737,-0.01889902353286743,-3.59
