Index,Level,Change,% Change
Bitcoin (BTC),23097.76171875,337.65234375,1.48
Ethereum (ETH),1653.73291015625,37.48583984375,2.32
Binance Coin (BNB),329.6905822753906,5.06341552734375,1.56
Ripple (XRP),0.39918553829193115,0.006361544132232666,1.62
Cardano (ADA),0.3911497890949249,0.00872880220413208,2.28
