Index,Level,Change,% Change
Bitcoin (BTC),28289.98046875,1021.849609375,3.75
Ethereum (ETH),1802.7227783203125,29.9371337890625,1.69
Binance Coin (BNB),316.3111572265625,3.050537109375,0.97
Ripple (XRP),0.5505520701408386,0.035494089126586914,6.89
Cardano (ADA),0.38771262764930725,0.01935863494873047,5.26
