Index,Level,Change,% Change
Bitcoin (BTC),28171.2265625,403.990234375,1.45
Ethereum (ETH),1790.0736083984375,54.7523193359375,3.16
Binance Coin (BNB),336.8636474609375,3.940643310546875,1.18
Ripple (XRP),0.4522869288921356,0.07765892148017883,20.73
Cardano (ADA),0.3550548255443573,0.022459834814071655,6.75
