Index,Level,Change,% Change
Bitcoin (BTC),28480.30859375,-200.228515625,-0.7
Ethereum (ETH),1880.5435791015625,9.7542724609375,0.52
Binance Coin (BNB),324.6343688964844,2.681671142578125,0.83
Ripple (XRP),0.454968124628067,-0.009982883930206299,-2.15
Cardano (ADA),0.3844110667705536,-0.0024459362030029297,-0.63
