Index,Level,Change,% Change
Bitcoin (BTC),26118.279296875,28.5859375,0.11
Ethereum (ETH),1649.2071533203125,-8.305908203125,-0.5
Binance Coin (BNB),218.40846252441406,0.0504608154296875,0.02
Ripple (XRP),0.5201935172080994,-0.003650486469268799,-0.7
Cardano (ADA),0.26525285840034485,0.0018068552017211914,0.69
