Index,Level,Change,% Change
Bitcoin (BTC),17528.802734375,82.509765625,0.47
Ethereum (ETH),1340.2034912109375,3.617431640625,0.27
Binance Coin (BNB),279.2596740722656,1.97003173828125,0.71
Ripple (XRP),0.37242287397384644,0.021181881427764893,6.03
Cardano (ADA),0.31464430689811707,-0.00785169005393982,-2.43
