Index,Level,Change,% Change
Bitcoin (BTC),52048.72265625,-73.82421875,-0.14
Ethereum (ETH),2938.116455078125,59.118408203125,2.05
Binance Coin (BNB),353.1580505371094,3.47808837890625,0.99
Ripple (XRP),0.5620067119598389,0.005103707313537598,0.92
Cardano (ADA),0.6271299123764038,0.008395910263061523,1.36
