Index,Level,Change,% Change
Bitcoin (BTC),68589.203125,-2807.390625,-3.93
Ethereum (ETH),3711.94921875,-171.191162109375,-4.41
Binance Coin (BNB),602.1178588867188,-0.870849609375,-0.14
Ripple (XRP),0.6317216157913208,-0.03824537992477417,-5.71
Cardano (ADA),0.7167809009552002,-0.03369307518005371,-4.49
