Index,Level,Change,% Change
Bitcoin (BTC),22208.654296875,400.552734375,1.84
Ethereum (ETH),1556.66455078125,49.4986572265625,3.28
Binance Coin (BNB),297.906982421875,3.431640625,1.17
Ripple (XRP),0.37941989302635193,0.007744878530502319,2.08
Cardano (ADA),0.38951602578163147,0.029889017343521118,8.31
