Index,Level,Change,% Change
Bitcoin (BTC),23448.23828125,-198.3125,-0.84
Ethereum (ETH),1645.4930419921875,-17.940673828125,-1.08
Binance Coin (BNB),299.6061096191406,-3.301361083984375,-1.09
Ripple (XRP),0.37982261180877686,-0.004056394100189209,-1.06
Cardano (ADA),0.34955984354019165,-0.010796159505844116,-3.0
