Index,Level,Change,% Change
Bitcoin (BTC),67157.6328125,-1207.359375,-1.77
Ethereum (ETH),3774.302490234375,27.452880859375,0.73
Binance Coin (BNB),591.9659423828125,-3.06085205078125,-0.51
Ripple (XRP),0.5158805251121521,-0.002980470657348633,-0.57
Cardano (ADA),0.4471139907836914,0.000532984733581543,0.12
