Index,Level,Change,% Change
Bitcoin (BTC),26113.130859375,279.787109375,1.08
Ethereum (ETH),1599.49169921875,7.062255859375,0.44
Binance Coin (BNB),211.7602996826172,0.76593017578125,0.36
Ripple (XRP),0.4810713529586792,0.00033333897590637207,0.07
Cardano (ADA),0.24796883761882782,0.0020988434553146362,0.85
