Index,Level,Change,% Change
Bitcoin (BTC),21280.95703125,400.158203125,1.92
Ethereum (ETH),1585.5321044921875,33.0526123046875,2.13
Binance Coin (BNB),300.2841491699219,-1.7864990234375,-0.59
Ripple (XRP),0.39128586649894714,0.006404876708984375,1.66
Cardano (ADA),0.35370633006095886,0.003338336944580078,0.95
