Index,Level,Change,% Change
Bitcoin (BTC),26036.607421875,-627.943359375,-2.35
Ethereum (ETH),1659.2158203125,-25.7176513671875,-1.53
Binance Coin (BNB),216.219482421875,-2.3163604736328125,-1.06
Ripple (XRP),0.5047786235809326,-0.0023633837699890137,-0.47
Cardano (ADA),0.26340463757514954,0.007446646690368652,2.91
