Index,Level,Change,% Change
Bitcoin (BTC),60514.4765625,-660.71484375,-1.08
Ethereum (ETH),2614.7724609375,-16.623046875,-0.63
Binance Coin (BNB),580.0270385742188,10.00732421875,1.76
Ripple (XRP),0.5987430214881897,-0.0015319585800170898,-0.26
Cardano (ADA),0.3712565302848816,0.0021975338459014893,0.6
