Index,Level,Change,% Change
Bitcoin (BTC),26149.390625,-149.08984375,-0.57
Ethereum (ETH),1584.61181640625,-3.7110595703125,-0.23
Binance Coin (BNB),211.892578125,1.8187713623046875,0.87
Ripple (XRP),0.504325807094574,-0.0011351704597473145,-0.22
Cardano (ADA),0.2443055510520935,-0.0015754550695419312,-0.64
