Index,Level,Change,% Change
Bitcoin (BTC),26734.373046875,506.048828125,1.93
Ethereum (ETH),1638.33154296875,30.343017578125,1.89
Binance Coin (BNB),212.86935424804688,0.2267608642578125,0.11
Ripple (XRP),0.49165910482406616,0.007884114980697632,1.63
Cardano (ADA),0.25155478715896606,0.002670779824256897,1.07
