Index,Level,Change,% Change
Bitcoin (BTC),29832.181640625,651.603515625,2.23
Ethereum (ETH),1864.2147216796875,37.27587890625,2.04
Binance Coin (BNB),247.45071411132812,5.6532135009765625,2.34
Ripple (XRP),0.6412495970726013,0.019318580627441406,3.11
Cardano (ADA),0.30153390765190125,0.011237919330596924,3.87
