Index,Level,Change,% Change
Bitcoin (BTC),29196.109375,-79.19921875,-0.27
Ethereum (ETH),1860.039794921875,-1.60400390625,-0.09
Binance Coin (BNB),242.16500854492188,-0.3609771728515625,-0.15
Ripple (XRP),0.7015799283981323,-0.00355607271194458,-0.5
Cardano (ADA),0.311065673828125,-0.004567325115203857,-1.45
