Index,Level,Change,% Change
Bitcoin (BTC),63540.640625,2752.84765625,4.53
Ethereum (ETH),3396.685302734375,152.606201171875,4.7
Binance Coin (BNB),577.5010375976562,32.68231201171875,6.0
Ripple (XRP),0.5340245962142944,0.011161625385284424,2.13
Cardano (ADA),0.43654897809028625,0.004200965166091919,0.97
