Index,Level,Change,% Change
Bitcoin (BTC),29088.259765625,-63.69921875,-0.22
Ethereum (ETH),1833.1898193359375,-5.89990234375,-0.32
Binance Coin (BNB),241.86997985839844,1.375335693359375,0.57
Ripple (XRP),0.6598143577575684,-0.02538067102432251,-3.7
Cardano (ADA),0.29433923959732056,-0.005049765110015869,-1.69
