Index,Level,Change,% Change
Bitcoin (BTC),16192.635,414.08599999999933,2.62
Ethereum (ETH),1129.8906,24.364699999999857,2.2
Binance Coin (BNB),263.33755,9.328390000000013,3.67
Ripple (XRP),0.3731961,0.008819969999999955,2.42
Cardano (ADA),0.31107786,0.006484799999999957,2.13
