Index,Level,Change,% Change
Bitcoin (BTC),66654.21875,-3406.390625,-4.86
Ethereum (ETH),3235.91357421875,-269.334228515625,-7.68
Binance Coin (BNB),585.6275634765625,-19.2662353515625,-3.19
Ripple (XRP),0.5524193048477173,-0.056460678577423096,-9.27
Cardano (ADA),0.5009810328483582,-0.08520996570587158,-14.54
