Index,Level,Change,% Change
Bitcoin (BTC),36764.76171875,-289.7578125,-0.78
Ethereum (ETH),2090.804931640625,45.617919921875,2.23
Binance Coin (BNB),245.3234405517578,-2.3165740966796875,-0.94
Ripple (XRP),0.6496694087982178,-0.011866569519042969,-1.79
Cardano (ADA),0.365810751914978,-0.017572253942489624,-4.58
