Index,Level,Change,% Change
Bitcoin (BTC),30534.2421875,-86.708984375,-0.28
Ethereum (ETH),1886.536376953125,8.2003173828125,0.44
Binance Coin (BNB),243.99884033203125,-4.53948974609375,-1.83
Ripple (XRP),0.4714701175689697,-0.004248887300491333,-0.89
Cardano (ADA),0.2893708348274231,-0.0034471750259399414,-1.18
