Index,Level,Change,% Change
Bitcoin (BTC),41528.42578125,163.76171875,0.4
Ethereum (ETH),2162.824951171875,-33.65625,-1.53
Binance Coin (BNB),237.80799865722656,-1.5002899169921875,-0.63
Ripple (XRP),0.5999587178230286,-0.010459303855895996,-1.71
Cardano (ADA),0.5720207691192627,-0.008293211460113525,-1.43
