Index,Level,Change,% Change
Bitcoin (BTC),26496.556640625,-742.2265625,-2.72
Ethereum (ETH),1851.6209716796875,-32.8739013671875,-1.74
Binance Coin (BNB),261.4696350097656,-20.02593994140625,-7.11
Ripple (XRP),0.5150367021560669,-0.01542729139328003,-2.91
Cardano (ADA),0.3272555470466614,-0.024759441614151,-7.03
