Index,Level,Change,% Change
Bitcoin (BTC),43954.109375,84.95703125,0.19
Ethereum (ETH),2332.954833984375,93.412353515625,4.17
Binance Coin (BNB),271.8438720703125,0.5972900390625,0.22
Ripple (XRP),0.6212999224662781,-0.0026100873947143555,-0.42
Cardano (ADA),0.624139130115509,-0.012459874153137207,-1.96
