Index,Level,Change,% Change
Bitcoin (BTC),24446.462890625,138.62109375,0.57
Ethereum (ETH),1698.761474609375,25.0155029296875,1.49
Binance Coin (BNB),313.2764587402344,-3.89276123046875,-1.23
Ripple (XRP),0.39420127868652344,-0.007150709629058838,-1.78
Cardano (ADA),0.4055269956588745,-0.01258799433708191,-3.01
