Index,Level,Change,% Change
Bitcoin (BTC),29308.408203125,25.494140625,0.09
Ethereum (ETH),1841.7685546875,2.4884033203125,0.14
Binance Coin (BNB),239.99000549316406,-0.0433349609375,-0.02
Ripple (XRP),0.6268124580383301,0.0007104873657226562,0.11
Cardano (ADA),0.2887245714664459,-0.0008064210414886475,-0.28
