Index,Level,Change,% Change
Bitcoin (BTC),16197.49,-256.21899999999914,-1.56
Ethereum (ETH),1169.8224,-26.62390000000005,-2.23
Binance Coin (BNB),292.37592,-16.236319999999978,-5.26
Ripple (XRP),0.38528496,-0.011882599999999965,-2.99
Cardano (ADA),0.30603862,-0.006861680000000037,-2.19
