Index,Level,Change,% Change
Bitcoin (BTC),27174.21484375,322.9375,1.2
Ethereum (ETH),1849.646240234375,32.1114501953125,1.77
Binance Coin (BNB),312.9679870605469,3.72235107421875,1.2
Ripple (XRP),0.4598529040813446,-0.0017480850219726562,-0.38
Cardano (ADA),0.36981651186943054,0.001819521188735962,0.49
