Index,Level,Change,% Change
Bitcoin (BTC),25875.7265625,-43.001953125,-0.17
Ethereum (ETH),1730.841064453125,-8.196533203125,-0.47
Binance Coin (BNB),244.8960418701172,1.0055084228515625,0.41
Ripple (XRP),0.4994836449623108,-0.02060234546661377,-3.96
Cardano (ADA),0.2708653509616852,-0.00412064790725708,-1.5
