Index,Level,Change,% Change
Bitcoin (BTC),33678.74609375,592.51171875,1.79
Ethereum (ETH),1767.829345703125,2.4466552734375,0.14
Binance Coin (BNB),224.17068481445312,-4.1820831298828125,-1.83
Ripple (XRP),0.5505768656730652,0.0037068724632263184,0.68
Cardano (ADA),0.2762749493122101,-0.003679037094116211,-1.31
