Index,Level,Change,% Change
Bitcoin (BTC),16967.508,-18.81199999999808,-0.11
Ethereum (ETH),1248.6775,-11.628199999999879,-0.92
Binance Coin (BNB),288.3856,-0.46314999999998463,-0.16
Ripple (XRP),0.38936868,-0.0001612599999999964,-0.04
Cardano (ADA),0.31460774,-0.005112499999999964,-1.6
