Index,Level,Change,% Change
Bitcoin (BTC),30202.236328125,549.255859375,1.85
Ethereum (ETH),1907.132568359375,-4.074951171875,-0.21
Binance Coin (BNB),326.5058898925781,8.1268310546875,2.55
Ripple (XRP),0.515429675579071,-0.002888321876525879,-0.56
Cardano (ADA),0.4027034640312195,0.013010472059249878,3.34
