Index,Level,Change,% Change
Bitcoin (BTC),23054.203125,-63.65625,-0.28
Ethereum (ETH),1601.1318359375,-10.5792236328125,-0.66
Binance Coin (BNB),304.69268798828125,-2.614959716796875,-0.85
Ripple (XRP),0.4111243486404419,-0.006568640470504761,-1.57
Cardano (ADA),0.37937015295028687,0.0059601664543151855,1.6
