Index,Level,Change,% Change
Bitcoin (BTC),29771.0234375,1463.42578125,5.17
Ethereum (ETH),1948.5924072265625,81.8387451171875,4.38
Binance Coin (BNB),341.3166198730469,2.991058349609375,0.88
Ripple (XRP),0.4779483675956726,0.007953375577926636,1.69
Cardano (ADA),0.4130101203918457,0.0180911123752594,4.58
