Index,Level,Change,% Change
Bitcoin (BTC),61825.3671875,1014.08984375,1.67
Ethereum (ETH),3458.966796875,89.489501953125,2.66
Binance Coin (BNB),580.7538452148438,8.35205078125,1.46
Ripple (XRP),0.47435447573661804,0.004754483699798584,1.01
Cardano (ADA),0.39103853702545166,0.0062885284423828125,1.63
