Index,Level,Change,% Change
Bitcoin (BTC),19089.986,-45.794999999998254,-0.24
Ethereum (ETH),1289.2667,3.7731999999998607,0.29
Binance Coin (BNB),269.07608,-2.972750000000019,-1.09
Ripple (XRP),0.44006252,-0.011292980000000008,-2.5
Cardano (ADA),0.34554914,-0.0044262100000000415,-1.26
