Index,Level,Change,% Change
Bitcoin (BTC),30993.998046875,1000.1015625,3.33
Ethereum (ETH),1691.4027099609375,27.9727783203125,1.68
Binance Coin (BNB),220.80612182617188,3.058746337890625,1.4
Ripple (XRP),0.5332940220832825,0.010807037353515625,2.07
Cardano (ADA),0.26698175072669983,0.003408759832382202,1.29
