Index,Level,Change,% Change
Bitcoin (BTC),64080.8515625,2168.078125,3.5
Ethereum (ETH),3301.568115234375,143.949951171875,4.56
Binance Coin (BNB),528.5908203125,21.514251708984375,4.24
Ripple (XRP),0.5894667506217957,0.005025744438171387,0.86
Cardano (ADA),0.6060745716094971,0.019160568714141846,3.26
