Index,Level,Change,% Change
Bitcoin (BTC),20892.625,-825.455078125,-3.8
Ethereum (ETH),1492.9820556640625,-41.106201171875,-2.68
Binance Coin (BNB),281.4405517578125,-5.42645263671875,-1.89
Ripple (XRP),0.38089245557785034,-0.008295536041259766,-2.13
Cardano (ADA),0.3101082742214203,-0.007468730211257935,-2.35
