Index,Level,Change,% Change
Bitcoin (BTC),40550.234375,-995.55078125,-2.4
Ethereum (ETH),2372.7685546875,-81.14453125,-3.31
Binance Coin (BNB),311.6715087890625,-6.647186279296875,-2.09
Ripple (XRP),0.5338281989097595,-0.012282788753509521,-2.25
Cardano (ADA),0.49153560400009155,-0.011569380760192871,-2.3
