Index,Level,Change,% Change
Bitcoin (BTC),27695.826171875,-389.8203125,-1.39
Ethereum (ETH),1893.402587890625,-17.5115966796875,-0.92
Binance Coin (BNB),312.8110656738281,-1.458984375,-0.46
Ripple (XRP),0.4848347008228302,0.0019457042217254639,0.4
Cardano (ADA),0.378900408744812,-0.0040985941886901855,-1.07
