Index,Level,Change,% Change
Bitcoin (BTC),27949.7734375,533.861328125,1.95
Ethereum (ETH),1647.9500732421875,36.4736328125,2.26
Binance Coin (BNB),213.5421142578125,2.8624420166015625,1.36
Ripple (XRP),0.523953378200531,0.0005874037742614746,0.11
Cardano (ADA),0.26544761657714844,0.005298614501953125,2.04
