Index,Level,Change,% Change
Bitcoin (BTC),68861.2109375,931.6484375,1.37
Ethereum (ETH),3729.156005859375,-47.771240234375,-1.26
Binance Coin (BNB),600.5142822265625,1.84344482421875,0.31
Ripple (XRP),0.5317862033843994,0.003500223159790039,0.66
Cardano (ADA),0.46094146370887756,-0.004388540983200073,-0.94
