Index,Level,Change,% Change
Bitcoin (BTC),60319.140625,-2861.65625,-4.53
Ethereum (ETH),3301.773681640625,-116.838134765625,-3.42
Binance Coin (BNB),561.5485229492188,-15.662353515625,-2.71
Ripple (XRP),0.47241905331611633,-0.007069945335388184,-1.47
Cardano (ADA),0.3699396252632141,-0.010363370180130005,-2.73
