Index,Level,Change,% Change
Bitcoin (BTC),42587.18359375,3.6015625,0.01
Ethereum (ETH),2293.782470703125,4.236328125,0.19
Binance Coin (BNB),300.8304138183594,-3.90374755859375,-1.28
Ripple (XRP),0.5074547529220581,0.004166781902313232,0.83
Cardano (ADA),0.4926287829875946,-0.001627206802368164,-0.33
