Index,Level,Change,% Change
Bitcoin (BTC),19339.006,-238.77699999999822,-1.22
Ethereum (ETH),1341.2474,-23.22109999999998,-1.7
Binance Coin (BNB),273.761,-2.3172199999999634,-0.84
Ripple (XRP),0.456399,-0.012595699999999987,-2.69
Cardano (ADA),0.3607829,-0.0013564999999999827,-0.37
