Index,Level,Change,% Change
Bitcoin (BTC),29538.654296875,818.84765625,2.85
Ethereum (ETH),1609.4608154296875,42.0037841796875,2.68
Binance Coin (BNB),212.9387664794922,1.7946014404296875,0.85
Ripple (XRP),0.5217576026916504,0.0016306042671203613,0.31
Cardano (ADA),0.2507696747779846,0.003846675157546997,1.56
