Index,Level,Change,% Change
Bitcoin (BTC),20584.633,101.2990000000027,0.49
Ethereum (ETH),1597.7473,18.476300000000037,1.17
Binance Coin (BNB),325.54733,1.108789999999999,0.34
Ripple (XRP),0.46121538,-0.002908579999999994,-0.63
Cardano (ADA),0.4024031,0.001347020000000032,0.34
