Index,Level,Change,% Change
Bitcoin (BTC),30722.126953125,241.865234375,0.79
Ethereum (ETH),1900.702880859375,0.19677734375,0.01
Binance Coin (BNB),239.1349334716797,0.241943359375,0.1
Ripple (XRP),0.4813128411769867,-0.00896415114402771,-1.83
Cardano (ADA),0.28413575887680054,-0.008189231157302856,-2.8
