Index,Level,Change,% Change
Bitcoin (BTC),26901.794921875,147.96875,0.55
Ethereum (ETH),1822.02587890625,17.4945068359375,0.97
Binance Coin (BNB),310.4592590332031,3.952545166015625,1.29
Ripple (XRP),0.458889365196228,0.0013393759727478027,0.29
Cardano (ADA),0.368843674659729,0.008480668067932129,2.35
