Index,Level,Change,% Change
Bitcoin (BTC),70273.1796875,314.3671875,0.45
Ethereum (ETH),3585.580810546875,-5.302978515625,-0.15
Binance Coin (BNB),578.1434326171875,-9.2841796875,-1.58
Ripple (XRP),0.6334835290908813,-0.007550477981567383,-1.18
Cardano (ADA),0.6618112325668335,0.00486224889755249,0.74
