Index,Level,Change,% Change
Bitcoin (BTC),27958.759765625,1852.609375,7.1
Ethereum (ETH),1737.8685302734375,85.4111328125,5.17
Binance Coin (BNB),228.50645446777344,9.787887573242188,4.48
Ripple (XRP),0.5425176024436951,0.019269585609436035,3.68
Cardano (ADA),0.276949018239975,0.00951501727104187,3.56
