Index,Level,Change,% Change
Bitcoin (BTC),29297.447265625,86.7578125,0.3
Ethereum (ETH),1874.2745361328125,13.9173583984375,0.75
Binance Coin (BNB),241.84759521484375,1.3488006591796875,0.56
Ripple (XRP),0.7117929458618164,-0.0018530488014221191,-0.26
Cardano (ADA),0.3106347918510437,0.0031097829341888428,1.01
