Index,Level,Change,% Change
Bitcoin (BTC),19190.908,-150.19700000000012,-0.78
Ethereum (ETH),1296.4576,-15.351000000000113,-1.17
Binance Coin (BNB),272.9037,-0.5640999999999963,-0.21
Ripple (XRP),0.45782423,-0.008567119999999984,-1.84
Cardano (ADA),0.357386,-0.004633060000000022,-1.28
