Index,Level,Change,% Change
Bitcoin (BTC),42031.984375,581.76171875,1.4
Ethereum (ETH),2213.595703125,11.5576171875,0.52
Binance Coin (BNB),250.65350341796875,-3.8414764404296875,-1.51
Ripple (XRP),0.6149447560310364,-0.004604220390319824,-0.74
Cardano (ADA),0.6122227907180786,0.0358157753944397,6.21
