Index,Level,Change,% Change
Bitcoin (BTC),43005.80078125,485.3984375,1.14
Ethereum (ETH),2347.93701171875,116.4716796875,5.22
Binance Coin (BNB),311.0074462890625,13.314208984375,4.47
Ripple (XRP),0.639627993106842,0.01725900173187256,2.77
Cardano (ADA),0.6289947628974915,0.02019578218460083,3.32
