Index,Level,Change,% Change
Bitcoin (BTC),67396.328125,1619.1015625,2.46
Ethereum (ETH),3253.77197265625,79.3447265625,2.5
Binance Coin (BNB),577.9212646484375,7.2078857421875,1.26
Ripple (XRP),0.5971177220344543,-0.0026983022689819336,-0.45
Cardano (ADA),0.4150240421295166,0.020353049039840698,5.16
