Index,Level,Change,% Change
Bitcoin (BTC),62245.25390625,-606.7265625,-0.97
Ethereum (ETH),3427.937744140625,-12.40380859375,-0.36
Binance Coin (BNB),578.9487915039062,2.2618408203125,0.39
Ripple (XRP),0.48259884119033813,0.005957841873168945,1.25
Cardano (ADA),0.4162975549697876,0.013390541076660156,3.32
