Index,Level,Change,% Change
Bitcoin (BTC),43518.453125,433.78125,1.01
Ethereum (ETH),2410.34716796875,38.145263671875,1.61
Binance Coin (BNB),306.56744384765625,3.8572998046875,1.27
Ripple (XRP),0.5081530213356018,0.003000020980834961,0.59
Cardano (ADA),0.4914444386959076,-0.007018566131591797,-1.41
