Index,Level,Change,% Change
Bitcoin (BTC),26837.404296875,-184.142578125,-0.68
Ethereum (ETH),1662.383056640625,9.5003662109375,0.57
Binance Coin (BNB),215.32577514648438,0.249786376953125,0.12
Ripple (XRP),0.5338979363441467,0.02437293529510498,4.78
Cardano (ADA),0.2500900626182556,0.0009700655937194824,0.39
