Index,Level,Change,% Change
Bitcoin (BTC),67084.78125,-2427.5,-3.49
Ethereum (ETH),3483.116455078125,-183.60107421875,-5.01
Binance Coin (BNB),607.4966430664062,-16.89019775390625,-2.71
Ripple (XRP),0.48012009263038635,-0.016507893800735474,-3.32
Cardano (ADA),0.42067092657089233,-0.019790083169937134,-4.49
