Index,Level,Change,% Change
Bitcoin (BTC),67351.6953125,-904.171875,-1.32
Ethereum (ETH),3310.189208984375,38.724609375,1.18
Binance Coin (BNB),577.1522827148438,-6.94732666015625,-1.19
Ripple (XRP),0.6023795008659363,0.0004324913024902344,0.07
Cardano (ADA),0.41027936339378357,0.0028923749923706055,0.71
