Index,Level,Change,% Change
Bitcoin (BTC),62884.7578125,-1734.4921875,-2.68
Ethereum (ETH),3097.151123046875,-134.14453125,-4.15
Binance Coin (BNB),556.2549438476562,-20.11322021484375,-3.49
Ripple (XRP),0.5769631862640381,-0.046975791454315186,-7.53
Cardano (ADA),0.37267830967903137,-0.016094684600830078,-4.14
