Index,Level,Change,% Change
Bitcoin (BTC),64385.95703125,873.203125,1.37
Ethereum (ETH),3079.84521484375,13.817626953125,0.45
Binance Coin (BNB),559.76025390625,7.588134765625,1.37
Ripple (XRP),0.5045992136001587,0.0016162395477294922,0.32
Cardano (ADA),0.4709796905517578,0.012835681438446045,2.8
