Index,Level,Change,% Change
Bitcoin (BTC),25969.25390625,806.599609375,3.21
Ethereum (ETH),1591.8681640625,40.23046875,2.59
Binance Coin (BNB),211.64125061035156,5.6070404052734375,2.72
Ripple (XRP),0.48090463876724243,0.006530642509460449,1.38
Cardano (ADA),0.24720361828804016,0.00533062219619751,2.2
