Index,Level,Change,% Change
Bitcoin (BTC),56978.67578125,2987.21875,5.53
Ethereum (ETH),2514.0673828125,96.861083984375,4.01
Binance Coin (BNB),491.0721740722656,26.44525146484375,5.69
Ripple (XRP),0.5157227516174316,0.0262567400932312,5.36
Cardano (ADA),0.3338841497898102,0.020729154348373413,6.62
