Index,Level,Change,% Change
Bitcoin (BTC),59083.26171875,-1526.3046875,-2.52
Ethereum (ETH),2654.778564453125,-48.893310546875,-1.81
Binance Coin (BNB),524.1243286132812,-0.00421142578125,-0.0
Ripple (XRP),0.5712351202964783,-0.005163908004760742,-0.9
Cardano (ADA),0.3344176709651947,-0.005736321210861206,-1.69
