Index,Level,Change,% Change
Bitcoin (BTC),30276.51953125,-237.646484375,-0.78
Ethereum (ETH),1887.3594970703125,-23.228515625,-1.22
Binance Coin (BNB),238.595703125,-0.485382080078125,-0.2
Ripple (XRP),0.4683416187763214,-0.00993037223815918,-2.08
Cardano (ADA),0.2859225571155548,0.0014515519142150879,0.51
