Index,Level,Change,% Change
Bitcoin (BTC),19139.436,83.2410000000018,0.44
Ethereum (ETH),1296.5609,13.601300000000037,1.06
Binance Coin (BNB),269.62302,0.5527700000000095,0.21
Ripple (XRP),0.4500544,0.002220560000000038,0.5
Cardano (ADA),0.34442717,0.0045045699999999855,1.33
