Index,Level,Change,% Change
Bitcoin (BTC),41365.73828125,103.6796875,0.25
Ethereum (ETH),2482.7880859375,15.769287109375,0.64
Binance Coin (BNB),310.76312255859375,-2.529754638671875,-0.81
Ripple (XRP),0.5366179347038269,-0.015289068222045898,-2.77
Cardano (ADA),0.49017369747161865,-0.011700332164764404,-2.33
