Index,Level,Change,% Change
Bitcoin (BTC),28357.849609375,-57.8984375,-0.2
Ethereum (ETH),1572.1536865234375,6.714111328125,0.43
Binance Coin (BNB),211.50112915039062,-0.1421051025390625,-0.07
Ripple (XRP),0.49166139960289,-3.260374069213867e-05,-0.01
Cardano (ADA),0.24591778218746185,-0.001197218894958496,-0.48
