Index,Level,Change,% Change
Bitcoin (BTC),65887.109375,-1698.140625,-2.51
Ethereum (ETH),3445.56201171875,5.14208984375,0.15
Binance Coin (BNB),582.8368530273438,-5.0809326171875,-0.86
Ripple (XRP),0.5936396718025208,-0.013997316360473633,-2.3
Cardano (ADA),0.4098883271217346,-0.016658663749694824,-3.91
