Index,Level,Change,% Change
Bitcoin (BTC),28036.79296875,53.04296875,0.19
Ethereum (ETH),1686.320556640625,-47.4898681640625,-2.74
Binance Coin (BNB),216.21192932128906,-1.835205078125,-0.84
Ripple (XRP),0.5225566625595093,-0.001647353172302246,-0.31
Cardano (ADA),0.2639622688293457,-0.0019327402114868164,-0.73
