Index,Level,Change,% Change
Bitcoin (BTC),29136.28515625,-93.826171875,-0.32
Ethereum (ETH),1845.424560546875,-10.73779296875,-0.58
Binance Coin (BNB),245.9733123779297,4.8526611328125,2.01
Ripple (XRP),0.6983783841133118,-0.00014263391494750977,-0.02
Cardano (ADA),0.30610159039497375,-0.001386404037475586,-0.45
