Index,Level,Change,% Change
Bitcoin (BTC),29213.958984375,880.908203125,3.11
Ethereum (ETH),1896.732666015625,37.3448486328125,2.01
Binance Coin (BNB),314.28662109375,1.41436767578125,0.45
Ripple (XRP),0.5120963454246521,0.006262362003326416,1.24
Cardano (ADA),0.39220649003982544,0.002513498067855835,0.64
