Index,Level,Change,% Change
Bitcoin (BTC),43575.98828125,623.37890625,1.45
Ethereum (ETH),2338.227783203125,-6.265869140625,-0.27
Binance Coin (BNB),304.9720764160156,-2.49066162109375,-0.81
Ripple (XRP),0.5119702219963074,0.0012722015380859375,0.25
Cardano (ADA),0.5183128118515015,0.004147827625274658,0.81
