Index,Level,Change,% Change
Bitcoin (BTC),20637.291,345.4300000000003,1.7
Ethereum (ETH),1555.4463,41.52089999999998,2.74
Binance Coin (BNB),298.65286,11.819159999999954,4.12
Ripple (XRP),0.4678419,0.005660749999999992,1.22
Cardano (ADA),0.4013381,0.01297583999999996,3.34
