Index,Level,Change,% Change
Bitcoin (BTC),44061.4375,1213.26171875,2.83
Ethereum (ETH),2275.296875,64.534912109375,2.92
Binance Coin (BNB),319.85833740234375,3.197052001953125,1.01
Ripple (XRP),0.586481511592865,0.003901541233062744,0.67
Cardano (ADA),0.5717629194259644,0.014476895332336426,2.6
