Index,Level,Change,% Change
Bitcoin (BTC),24673.447265625,-155.701171875,-0.63
Ethereum (ETH),1677.12939453125,-25.5457763671875,-1.5
Binance Coin (BNB),313.61199951171875,-1.76544189453125,-0.56
Ripple (XRP),0.39403602480888367,-0.0044889748096466064,-1.13
Cardano (ADA),0.3952093720436096,-0.008793622255325317,-2.18
