Index,Level,Change,% Change
Bitcoin (BTC),30471.083984375,-306.498046875,-1.0
Ethereum (ETH),1908.9725341796875,-27.6610107421875,-1.43
Binance Coin (BNB),239.37893676757812,-3.113983154296875,-1.28
Ripple (XRP),0.47640693187713623,-0.011435061693191528,-2.34
Cardano (ADA),0.28426656126976013,-0.008348435163497925,-2.85
