Index,Level,Change,% Change
Bitcoin (BTC),24769.33203125,393.37109375,1.61
Ethereum (ETH),1663.04541015625,6.8648681640625,0.41
Binance Coin (BNB),330.38897705078125,23.2640380859375,7.57
Ripple (XRP),0.3649055063724518,0.004347503185272217,1.21
Cardano (ADA),0.3239072859287262,-0.0007297098636627197,-0.22
