Index,Level,Change,% Change
Bitcoin (BTC),56488.6484375,639.5390625,1.15
Ethereum (ETH),2989.69970703125,60.3125,2.06
Binance Coin (BNB),506.2717590332031,15.65863037109375,3.19
Ripple (XRP),0.42905399203300476,0.009231001138687134,2.2
Cardano (ADA),0.36513668298721313,0.018518686294555664,5.34
