Index,Level,Change,% Change
Bitcoin (BTC),27727.1015625,-18.783203125,-0.07
Ethereum (ETH),1905.5396728515625,12.4615478515625,0.66
Binance Coin (BNB),312.7987976074219,0.991607666015625,0.32
Ripple (XRP),0.5203116536140442,0.02616065740585327,5.29
Cardano (ADA),0.3777133524417877,-0.001424640417098999,-0.38
