Index,Level,Change,% Change
Bitcoin (BTC),57870.9921875,128.49609375,0.22
Ethereum (ETH),3145.5205078125,43.3017578125,1.4
Binance Coin (BNB),530.0377807617188,5.521240234375,1.05
Ripple (XRP),0.44833704829216003,0.009299039840698242,2.12
Cardano (ADA),0.39914262294769287,0.010307610034942627,2.65
