Index,Level,Change,% Change
Bitcoin (BTC),16812.496,-273.9900000000016,-1.6
Ethereum (ETH),1232.2924,-38.605999999999995,-3.04
Binance Coin (BNB),283.14563,-7.046449999999993,-2.43
Ripple (XRP),0.38249725,-0.009021879999999982,-2.3
Cardano (ADA),0.30877542,-0.009408329999999965,-2.96
