Index,Level,Change,% Change
Bitcoin (BTC),27078.93359375,-915.396484375,-3.27
Ethereum (ETH),1713.7828369140625,-61.8939208984375,-3.49
Binance Coin (BNB),307.5976867675781,-21.290313720703125,-6.47
Ripple (XRP),0.4674212336540222,0.01860421895980835,4.15
Cardano (ADA),0.3425195515155792,-0.013725459575653076,-3.85
