Index,Level,Change,% Change
Bitcoin (BTC),60728.234375,-876.56640625,-1.42
Ethereum (ETH),3380.860595703125,-63.93994140625,-1.86
Binance Coin (BNB),571.0956420898438,-9.70263671875,-1.67
Ripple (XRP),0.47315558791160583,-0.0014994144439697266,-0.32
Cardano (ADA),0.39265313744544983,0.001952141523361206,0.5
