Index,Level,Change,% Change
Bitcoin (BTC),70952.7578125,2147.9765625,3.12
Ethereum (ETH),3822.299072265625,55.909912109375,1.48
Binance Coin (BNB),670.1966552734375,43.763671875,6.99
Ripple (XRP),0.5261829495429993,0.00608295202255249,1.17
Cardano (ADA),0.4648825526237488,0.007846564054489136,1.72
