Index,Level,Change,% Change
Bitcoin (BTC),58263.625,-1910.296875,-3.17
Ethereum (ETH),3139.4296875,-153.487060546875,-4.66
Binance Coin (BNB),524.7391967773438,-31.83856201171875,-5.72
Ripple (XRP),0.4383383095264435,-0.02842170000076294,-6.09
Cardano (ADA),0.37724578380584717,-0.029492229223251343,-7.25
