Index,Level,Change,% Change
Bitcoin (BTC),63954.11328125,-874.54296875,-1.35
Ethereum (ETH),3493.81591796875,-17.27099609375,-0.49
Binance Coin (BNB),583.7501831054688,-3.35699462890625,-0.57
Ripple (XRP),0.48191675543785095,-0.006799250841140747,-1.39
Cardano (ADA),0.3756900727748871,-0.008553922176361084,-2.23
