Index,Level,Change,% Change
Bitcoin (BTC),21627.056640625,-161.146484375,-0.74
Ethereum (ETH),1490.762451171875,-24.271240234375,-1.6
Binance Coin (BNB),288.6697692871094,-24.2598876953125,-7.75
Ripple (XRP),0.37080836296081543,-0.004473626613616943,-1.19
Cardano (ADA),0.35418203473091125,-0.010113954544067383,-2.78
