Index,Level,Change,% Change
Bitcoin (BTC),66546.890625,1620.24609375,2.5
Ethereum (ETH),3199.151123046875,51.862548828125,1.65
Binance Coin (BNB),597.4044189453125,17.78448486328125,3.07
Ripple (XRP),0.5451447367668152,0.020464718341827393,3.9
Cardano (ADA),0.5178690552711487,0.01857706904411316,3.72
