Index,Level,Change,% Change
Bitcoin (BTC),29936.193359375,-312.939453125,-1.03
Ethereum (ETH),1889.2880859375,-34.393798828125,-1.79
Binance Coin (BNB),241.63243103027344,-1.0243988037109375,-0.42
Ripple (XRP),0.7237184047698975,-0.02314162254333496,-3.1
Cardano (ADA),0.3080677390098572,-0.006816267967224121,-2.16
