Index,Level,Change,% Change
Bitcoin (BTC),66237.09375,36.078125,0.05
Ethereum (ETH),3298.40576171875,19.738037109375,0.6
Binance Coin (BNB),588.011962890625,0.34686279296875,0.06
Ripple (XRP),0.6407245993614197,0.012847602367401123,2.05
Cardano (ADA),0.40046337246894836,-0.0012166202068328857,-0.3
