Index,Level,Change,% Change
Bitcoin (BTC),65608.7109375,-4093.4375,-5.87
Ethereum (ETH),3265.258056640625,-239.77197265625,-6.84
Binance Coin (BNB),555.10009765625,-21.29656982421875,-3.69
Ripple (XRP),0.5913964509963989,-0.01986151933670044,-3.25
Cardano (ADA),0.585487425327301,-0.03619658946990967,-5.82
