Index,Level,Change,% Change
Bitcoin (BTC),28362.134765625,1202.482421875,4.43
Ethereum (ETH),1583.6104736328125,25.5406494140625,1.64
Binance Coin (BNB),213.85861206054688,4.1161041259765625,1.96
Ripple (XRP),0.49498170614242554,0.007135719060897827,1.46
Cardano (ADA),0.2517584264278412,0.004402428865432739,1.78
