Index,Level,Change,% Change
Bitcoin (BTC),25630.16015625,-1488.90625,-5.49
Ethereum (ETH),1808.7127685546875,-81.80078125,-4.33
Binance Coin (BNB),275.8443298339844,-29.312469482421875,-9.61
Ripple (XRP),0.5009679198265076,-0.0349431037902832,-6.52
Cardano (ADA),0.3491814136505127,-0.02851158380508423,-7.55
