Index,Level,Change,% Change
Bitcoin (BTC),62736.953125,1288.55859375,2.1
Ethereum (ETH),2936.88525390625,8.183349609375,0.28
Binance Coin (BNB),592.463134765625,-1.96142578125,-0.33
Ripple (XRP),0.5054982304573059,0.006023228168487549,1.21
Cardano (ADA),0.43983709812164307,0.0021840929985046387,0.5
