Index,Level,Change,% Change
Bitcoin (BTC),20718.072,-214.5119999999988,-1.02
Ethereum (ETH),1589.6631,18.773699999999963,1.2
Binance Coin (BNB),337.61255,0.2457499999999868,0.07
Ripple (XRP),0.47460604,0.003633339999999985,0.77
Cardano (ADA),0.40982962,0.007230550000000002,1.8
