Index,Level,Change,% Change
Bitcoin (BTC),15733.703,-533.5560000000005,-3.28
Ethereum (ETH),1087.1484,-53.733799999999974,-4.71
Binance Coin (BNB),250.71153,-12.961600000000004,-4.92
Ripple (XRP),0.35252342,-0.008876320000000049,-2.46
Cardano (ADA),0.2976584,-0.013429360000000001,-4.32
