Index,Level,Change,% Change
Bitcoin (BTC),67231.109375,-1159.515625,-1.7
Ethereum (ETH),3495.324951171875,-147.088134765625,-4.04
Binance Coin (BNB),550.6861572265625,-20.3994140625,-3.57
Ripple (XRP),0.6042271852493286,-0.01500481367111206,-2.42
Cardano (ADA),0.6523934006690979,-0.028705596923828125,-4.21
