Index,Level,Change,% Change
Bitcoin (BTC),43750.609375,1770.51171875,4.22
Ethereum (ETH),2294.244873046875,51.029052734375,2.27
Binance Coin (BNB),231.88031005859375,-1.4149932861328125,-0.61
Ripple (XRP),0.6226401925086975,-0.0017337799072265625,-0.28
Cardano (ADA),0.4165739119052887,0.00976291298866272,2.4
