Index,Level,Change,% Change
Bitcoin (BTC),26919.5078125,-220.380859375,-0.81
Ethereum (ETH),1742.0291748046875,26.568359375,1.55
Binance Coin (BNB),310.6779479980469,-0.27117919921875,-0.09
Ripple (XRP),0.5071634650230408,0.027172476053237915,5.66
Cardano (ADA),0.35715532302856445,0.0009103119373321533,0.26
