Index,Level,Change,% Change
Bitcoin (BTC),42942.68359375,430.71484375,1.01
Ethereum (ETH),2558.501708984375,47.137939453125,1.88
Binance Coin (BNB),315.844970703125,-1.7222900390625,-0.54
Ripple (XRP),0.576084554195404,0.00016456842422485352,0.03
Cardano (ADA),0.5386717915534973,0.010510802268981934,1.99
