Index,Level,Change,% Change
Bitcoin (BTC),60530.91015625,-2519.05078125,-4.0
Ethereum (ETH),2900.986083984375,-135.034423828125,-4.45
Binance Coin (BNB),586.6571655273438,-9.37481689453125,-1.57
Ripple (XRP),0.5045639276504517,-0.016465067863464355,-3.16
Cardano (ADA),0.44680890440940857,-0.01669210195541382,-3.6
