Index,Level,Change,% Change
Bitcoin (BTC),36947.16796875,1409.52734375,3.97
Ethereum (ETH),2027.2476806640625,48.195068359375,2.44
Binance Coin (BNB),252.18606567382812,9.922393798828125,4.1
Ripple (XRP),0.6368581056594849,0.007185101509094238,1.14
Cardano (ADA),0.37127506732940674,0.013405054807662964,3.75
