Index,Level,Change,% Change
Bitcoin (BTC),26870.51171875,534.298828125,2.03
Ethereum (ETH),1738.2110595703125,17.633544921875,1.02
Binance Coin (BNB),242.8938446044922,-1.19342041015625,-0.49
Ripple (XRP),0.49529147148132324,0.007718473672866821,1.58
Cardano (ADA),0.2621622681617737,0.001199275255203247,0.46
