Index,Level,Change,% Change
Bitcoin (BTC),17031.984,-40.522000000000844,-0.24
Ethereum (ETH),1254.6511,-7.551400000000058,-0.6
Binance Coin (BNB),274.14352,-10.25640999999996,-3.61
Ripple (XRP),0.3791521,-0.0020407299999999906,-0.54
Cardano (ADA),0.30423525,-0.003085110000000002,-1.0
