Index,Level,Change,% Change
Bitcoin (BTC),28339.6328125,306.0703125,1.09
Ethereum (ETH),1823.480224609375,30.7430419921875,1.71
Binance Coin (BNB),316.8501281738281,0.282562255859375,0.09
Ripple (XRP),0.533775269985199,-0.0004737377166748047,-0.09
Cardano (ADA),0.4045134484767914,0.02805444598197937,7.45
