Index,Level,Change,% Change
Bitcoin (BTC),25829.646484375,-110.521484375,-0.43
Ethereum (ETH),1736.3721923828125,-17.0430908203125,-0.97
Binance Coin (BNB),230.3579864501953,-5.080810546875,-2.16
Ripple (XRP),0.5198307633399963,-0.001390218734741211,-0.27
Cardano (ADA),0.2747669816017151,0.0021369755268096924,0.78
