Index,Level,Change,% Change
Bitcoin (BTC),16459.87,249.83199999999852,1.54
Ethereum (ETH),1167.585,31.172399999999925,2.74
Binance Coin (BNB),296.91904,30.212069999999983,11.33
Ripple (XRP),0.37643024,0.0013688200000000483,0.36
Cardano (ADA),0.31652537,0.004112239999999989,1.32
