Index,Level,Change,% Change
Bitcoin (BTC),27486.05078125,-313.34375,-1.13
Ethereum (ETH),1615.82080078125,-32.017333984375,-1.94
Binance Coin (BNB),210.6320343017578,-2.7810516357421875,-1.3
Ripple (XRP),0.5248726010322571,-0.008058428764343262,-1.51
Cardano (ADA),0.2614339292049408,0.002118915319442749,0.82
