Index,Level,Change,% Change
Bitcoin (BTC),49203.8828125,-754.33984375,-1.51
Ethereum (ETH),2631.0654296875,-27.050537109375,-1.02
Binance Coin (BNB),323.1337585449219,-4.81085205078125,-1.47
Ripple (XRP),0.5254186391830444,-0.006478369235992432,-1.22
Cardano (ADA),0.5440829992294312,-0.015947997570037842,-2.85
