Index,Level,Change,% Change
Bitcoin (BTC),23029.576171875,-1159.267578125,-4.79
Ethereum (ETH),1591.6697998046875,-51.5618896484375,-3.14
Binance Coin (BNB),300.0581359863281,-12.722991943359375,-4.07
Ripple (XRP),0.3755663335323334,-0.02001968026161194,-5.06
Cardano (ADA),0.3636032044887543,-0.025317788124084473,-6.51
