Index,Level,Change,% Change
Bitcoin (BTC),27093.01171875,740.294921875,2.81
Ethereum (ETH),1656.466796875,58.9755859375,3.69
Binance Coin (BNB),215.32180786132812,3.336395263671875,1.57
Ripple (XRP),0.5074343085289001,0.007837295532226562,1.57
Cardano (ADA),0.24896521866321564,0.004174217581748962,1.71
