Index,Level,Change,% Change
Bitcoin (BTC),68925.703125,-2705.65625,-3.78
Ethereum (ETH),3506.0673828125,-189.225341796875,-5.12
Binance Coin (BNB),579.0757446289062,-7.8251953125,-1.33
Ripple (XRP),0.6212143301963806,0.005724310874938965,0.93
Cardano (ADA),0.6016284227371216,-0.01253056526184082,-2.04
