Index,Level,Change,% Change
Bitcoin (BTC),69142.4140625,1564.3203125,2.31
Ethereum (ETH),3800.50537109375,37.308837890625,0.99
Binance Coin (BNB),600.1417846679688,5.16973876953125,0.87
Ripple (XRP),0.5247988700866699,0.0015508532524108887,0.3
Cardano (ADA),0.45272672176361084,0.0017317235469818115,0.38
