Index,Level,Change,% Change
Bitcoin (BTC),69728.8671875,-1719.328125,-2.41
Ethereum (ETH),3729.775390625,65.919921875,1.8
Binance Coin (BNB),614.0816040039062,13.46527099609375,2.24
Ripple (XRP),0.5422875881195068,0.00495457649230957,0.92
Cardano (ADA),0.5019384622573853,0.0001804828643798828,0.04
