Index,Level,Change,% Change
Bitcoin (BTC),23050.044921875,94.37890625,0.41
Ethereum (ETH),1648.51708984375,16.8712158203125,1.03
Binance Coin (BNB),329.1153869628906,1.24603271484375,0.38
Ripple (XRP),0.4025472402572632,0.00361025333404541,0.9
Cardano (ADA),0.3936486840248108,0.001176685094833374,0.3
