Index,Level,Change,% Change
Bitcoin (BTC),29882.96875,-262.919921875,-0.87
Ethereum (ETH),1900.9359130859375,-10.710205078125,-0.56
Binance Coin (BNB),240.31887817382812,-4.03411865234375,-1.65
Ripple (XRP),0.7625978589057922,0.023392856121063232,3.16
Cardano (ADA),0.3065950870513916,-0.005893915891647339,-1.89
