Index,Level,Change,% Change
Bitcoin (BTC),58529.08203125,1203.59375,2.1
Ethereum (ETH),2521.335693359375,93.433349609375,3.85
Binance Coin (BNB),521.8274536132812,9.23223876953125,1.8
Ripple (XRP),0.5614709854125977,0.013480961322784424,2.46
Cardano (ADA),0.3311827778816223,-0.0005572140216827393,-0.17
