Index,Level,Change,% Change
Bitcoin (BTC),29263.578125,-1133.974609375,-3.73
Ethereum (ETH),1977.0006103515625,-127.5367431640625,-6.06
Binance Coin (BNB),325.9161682128906,-17.27728271484375,-5.03
Ripple (XRP),0.4948677718639374,-0.03739622235298157,-7.03
Cardano (ADA),0.419462651014328,-0.024289339780807495,-5.47
