Index,Level,Change,% Change
Bitcoin (BTC),34913.68359375,-135.671875,-0.39
Ethereum (ETH),1890.87939453125,-3.2783203125,-0.17
Binance Coin (BNB),250.58424377441406,6.2617645263671875,2.56
Ripple (XRP),0.7128266096115112,0.05167961120605469,7.82
Cardano (ADA),0.35824212431907654,0.015372127294540405,4.48
