Index,Level,Change,% Change
Bitcoin (BTC),16965.156,-9.117000000002008,-0.05
Ethereum (ETH),1283.4932,7.253199999999879,0.57
Binance Coin (BNB),290.22003,-1.7684699999999793,-0.61
Ripple (XRP),0.39113158,-0.005643549999999997,-1.42
Cardano (ADA),0.31922746,0.004671929999999991,1.49
