Index,Level,Change,% Change
Bitcoin (BTC),63603.19140625,-730.3515625,-1.14
Ethereum (ETH),2700.821533203125,-48.336181640625,-1.76
Binance Coin (BNB),558.1251220703125,-16.12481689453125,-2.81
Ripple (XRP),0.586074948310852,-0.01410907506942749,-2.35
Cardano (ADA),0.37092703580856323,-0.014051973819732666,-3.65
