Index,Level,Change,% Change
Bitcoin (BTC),25856.109375,102.873046875,0.4
Ethereum (ETH),1634.1248779296875,1.87255859375,0.11
Binance Coin (BNB),214.6717071533203,-0.46295166015625,-0.22
Ripple (XRP),0.5009024143218994,-0.0023406147956848145,-0.47
Cardano (ADA),0.25538548827171326,-0.0022815167903900146,-0.89
