Index,Level,Change,% Change
Bitcoin (BTC),65630.53125,183.55859375,0.28
Ethereum (ETH),3293.294677734375,16.06005859375,0.49
Binance Coin (BNB),551.7367553710938,1.0552978515625,0.19
Ripple (XRP),0.5739052295684814,-0.011560797691345215,-1.97
Cardano (ADA),0.5752202272415161,-0.005766749382019043,-0.99
