Index,Level,Change,% Change
Bitcoin (BTC),26641.0,-750.01953125,-2.74
Ethereum (ETH),1553.729736328125,-13.9832763671875,-0.89
Binance Coin (BNB),205.3897705078125,-3.187103271484375,-1.53
Ripple (XRP),0.48641228675842285,-0.01102370023727417,-2.22
Cardano (ADA),0.2466016411781311,-0.0025393515825271606,-1.02
