Index,Level,Change,% Change
Bitcoin (BTC),19233.225,-329.64500000000044,-1.69
Ethereum (ETH),1293.883,-38.97669999999994,-2.92
Binance Coin (BNB),270.67422,-5.141030000000001,-1.86
Ripple (XRP),0.46394628,-0.016884390000000027,-3.51
Cardano (ADA),0.36022285,-0.01304885,-3.5
