Index,Level,Change,% Change
Bitcoin (BTC),23320.34765625,-202.5234375,-0.86
Ethereum (ETH),1630.75146484375,-3.574951171875,-0.22
Binance Coin (BNB),302.228759765625,-2.627044677734375,-0.86
Ripple (XRP),0.380789190530777,0.0016742050647735596,0.44
Cardano (ADA),0.35747379064559937,-0.007425218820571899,-2.03
