Index,Level,Change,% Change
Bitcoin (BTC),62800.0390625,1523.34765625,2.49
Ethereum (ETH),3038.7197265625,53.9921875,1.81
Binance Coin (BNB),548.3892211914062,13.97320556640625,2.61
Ripple (XRP),0.4982055425643921,0.0033645331859588623,0.68
Cardano (ADA),0.4489400088787079,0.004645019769668579,1.05
