Index,Level,Change,% Change
Bitcoin (BTC),71183.09375,615.328125,0.87
Ethereum (ETH),3865.43115234375,52.915283203125,1.39
Binance Coin (BNB),692.5745239257812,6.37310791015625,0.93
Ripple (XRP),0.5268698334693909,0.0011048316955566406,0.21
Cardano (ADA),0.4617006778717041,0.00021567940711975098,0.05
