Index,Level,Change,% Change
Bitcoin (BTC),21093.224609375,404.443359375,1.95
Ethereum (ETH),1546.8896484375,31.3826904296875,2.07
Binance Coin (BNB),293.3839111328125,6.392852783203125,2.23
Ripple (XRP),0.39325740933418274,0.013805419206619263,3.64
Cardano (ADA),0.33982303738594055,0.012988030910491943,3.97
