Index,Level,Change,% Change
Bitcoin (BTC),27070.58984375,-631.759765625,-2.28
Ethereum (ETH),1865.107666015625,-35.9189453125,-1.89
Binance Coin (BNB),306.4938049316406,-5.190704345703125,-1.67
Ripple (XRP),0.5115909576416016,-0.010347068309783936,-1.98
Cardano (ADA),0.3746054172515869,-0.004532575607299805,-1.2
