Index,Level,Change,% Change
Bitcoin (BTC),66513.7578125,1282.17578125,1.97
Ethereum (ETH),3080.288330078125,135.1572265625,4.59
Binance Coin (BNB),578.193359375,9.00311279296875,1.58
Ripple (XRP),0.5231451988220215,0.007447183132171631,1.44
Cardano (ADA),0.4812529683113098,0.02155795693397522,4.69
