Index,Level,Change,% Change
Bitcoin (BTC),57567.72265625,-441.50390625,-0.76
Ethereum (ETH),3099.70458984375,35.671630859375,1.16
Binance Coin (BNB),522.7070922851562,6.13897705078125,1.19
Ripple (XRP),0.43603625893592834,0.00012025237083435059,0.03
Cardano (ADA),0.38586074113845825,0.010532736778259277,2.81
