Index,Level,Change,% Change
Bitcoin (BTC),24020.974609375,-415.37890625,-1.7
Ethereum (ETH),1655.204345703125,-2.83203125,-0.17
Binance Coin (BNB),309.4113464355469,-2.0606689453125,-0.66
Ripple (XRP),0.3910408318042755,-0.000864177942276001,-0.22
Cardano (ADA),0.3839602470397949,-0.008456766605377197,-2.16
