Index,Level,Change,% Change
Bitcoin (BTC),65352.74609375,-2560.92578125,-3.77
Ethereum (ETH),3429.8876953125,-83.50537109375,-2.38
Binance Coin (BNB),548.9113159179688,-7.7891845703125,-1.4
Ripple (XRP),0.6388375163078308,0.026675522327423096,4.36
Cardano (ADA),0.6254373788833618,-0.014043629169464111,-2.2
