Index,Level,Change,% Change
Bitcoin (BTC),47933.75,2632.18359375,5.81
Ethereum (ETH),2521.516357421875,101.60986328125,4.2
Binance Coin (BNB),324.74810791015625,5.876220703125,1.84
Ripple (XRP),0.5262485146522522,0.01171952486038208,2.28
Cardano (ADA),0.5421231389045715,0.012854158878326416,2.43
