Index,Level,Change,% Change
Bitcoin (BTC),67596.0,1489.1953125,2.25
Ethereum (ETH),3861.80419921875,42.577880859375,1.11
Binance Coin (BNB),459.9880065917969,30.976043701171875,7.22
Ripple (XRP),0.625497043132782,0.013244032859802246,2.16
Cardano (ADA),0.748923659324646,0.015102684497833252,2.06
