Index,Level,Change,% Change
Bitcoin (BTC),67177.6953125,538.6484375,0.81
Ethereum (ETH),3568.077880859375,-52.485595703125,-1.45
Binance Coin (BNB),609.264404296875,-0.78961181640625,-0.13
Ripple (XRP),0.5141611695289612,0.025329172611236572,5.18
Cardano (ADA),0.4132944941520691,-0.003084510564804077,-0.74
