Index,Level,Change,% Change
Bitcoin (BTC),58452.890625,1107.9765625,1.93
Ethereum (ETH),3147.349853515625,47.01904296875,1.52
Binance Coin (BNB),536.2605590820312,11.12249755859375,2.12
Ripple (XRP),0.4698151648044586,0.020774155855178833,4.63
Cardano (ADA),0.41529926657676697,0.01948225498199463,4.92
