Index,Level,Change,% Change
Bitcoin (BTC),22333.095703125,-1142.37109375,-4.87
Ethereum (ETH),1561.0269775390625,-86.2923583984375,-5.24
Binance Coin (BNB),289.21112060546875,-10.73504638671875,-3.58
Ripple (XRP),0.3693962097167969,-0.008183777332305908,-2.17
Cardano (ADA),0.3374723196029663,-0.012733668088912964,-3.64
