Index,Level,Change,% Change
Bitcoin (BTC),30165.015625,-1311.033203125,-4.17
Ethereum (ETH),1922.4906005859375,-84.0208740234375,-4.19
Binance Coin (BNB),245.9725341796875,-10.51715087890625,-4.1
Ripple (XRP),0.680762767791748,-0.13460224866867065,-16.51
Cardano (ADA),0.3206547796726227,-0.03700321912765503,-10.35
