Index,Level,Change,% Change
Bitcoin (BTC),64764.6328125,-1725.6640625,-2.6
Ethereum (ETH),3407.99755859375,-103.38134765625,-2.94
Binance Coin (BNB),580.3338623046875,-24.13348388671875,-3.99
Ripple (XRP),0.4813109040260315,-0.023849070072174072,-4.72
Cardano (ADA),0.3716427683830261,-0.030115216970443726,-7.5
