Index,Level,Change,% Change
Bitcoin (BTC),26278.228515625,701.833984375,2.74
Ethereum (ETH),1714.932373046875,49.41259765625,2.97
Binance Coin (BNB),241.0484619140625,4.7677764892578125,2.02
Ripple (XRP),0.4730238914489746,-0.0070941150188446045,-1.48
Cardano (ADA),0.2649328112602234,0.0029758214950561523,1.14
