Index,Level,Change,% Change
Bitcoin (BTC),16434.92,223.10599999999795,1.38
Ethereum (ETH),1215.2069,46.070399999999836,3.94
Binance Coin (BNB),296.11166,2.864189999999951,0.98
Ripple (XRP),0.3941534,0.00487862,1.25
Cardano (ADA),0.30859256,0.0020054300000000302,0.65
