Index,Level,Change,% Change
Bitcoin (BTC),27506.951171875,-948.02734375,-3.33
Ethereum (ETH),1828.14111328125,-44.935302734375,-2.4
Binance Coin (BNB),313.2712707519531,-8.33978271484375,-2.59
Ripple (XRP),0.4207325875759125,-0.02963140606880188,-6.58
Cardano (ADA),0.36102426052093506,-0.015881747007369995,-4.21
