Index,Level,Change,% Change
Bitcoin (BTC),26365.68359375,-173.990234375,-0.66
Ethereum (ETH),1619.809814453125,-7.16455078125,-0.44
Binance Coin (BNB),211.85952758789062,-0.423309326171875,-0.2
Ripple (XRP),0.49461111426353455,0.00515410304069519,1.05
Cardano (ADA),0.24585889279842377,-0.005322113633155823,-2.12
