Index,Level,Change,% Change
Bitcoin (BTC),27001.404296875,-218.25390625,-0.8
Ethereum (ETH),1873.0234375,-1.1070556640625,-0.06
Binance Coin (BNB),305.60992431640625,-1.25677490234375,-0.41
Ripple (XRP),0.5082682371139526,-0.00911778211593628,-1.76
Cardano (ADA),0.36686381697654724,-0.007539182901382446,-2.01
