Index,Level,Change,% Change
Bitcoin (BTC),26735.640625,975.54296875,3.79
Ethereum (ETH),1875.03515625,63.206787109375,3.49
Binance Coin (BNB),282.74700927734375,5.857757568359375,2.12
Ripple (XRP),0.5159944891929626,0.0056005120277404785,1.1
Cardano (ADA),0.35381224751472473,0.0017972588539123535,0.51
