Index,Level,Change,% Change
Bitcoin (BTC),43387.34765625,-359.09765625,-0.82
Ethereum (ETH),2346.56494140625,114.903564453125,5.15
Binance Coin (BNB),233.04493713378906,3.6205291748046875,1.58
Ripple (XRP),0.6438884735107422,0.003555476665496826,0.56
Cardano (ADA),0.452593058347702,0.0101870596408844,2.3
