Index,Level,Change,% Change
Bitcoin (BTC),43470.32421875,182.078125,0.42
Ethereum (ETH),2378.449462890625,61.38525390625,2.65
Binance Coin (BNB),310.310546875,-0.3974609375,-0.13
Ripple (XRP),0.5235205888748169,-0.011569440364837646,-2.16
Cardano (ADA),0.5180231332778931,-0.007251858711242676,-1.38
