Index,Level,Change,% Change
Bitcoin (BTC),35420.77734375,-22.78515625,-0.06
Ethereum (ETH),1896.395751953125,8.271484375,0.44
Binance Coin (BNB),246.4232177734375,0.027923583984375,0.01
Ripple (XRP),0.690155565738678,0.0037535429000854492,0.55
Cardano (ADA),0.3568880259990692,0.005317032337188721,1.51
