Index,Level,Change,% Change
Bitcoin (BTC),16985.543,-0.7769999999982247,-0.0
Ethereum (ETH),1251.1874,-9.118299999999863,-0.72
Binance Coin (BNB),288.67294,-0.17581000000001268,-0.06
Ripple (XRP),0.38961673,8.679000000000325e-05,0.02
Cardano (ADA),0.31563452,-0.004085720000000015,-1.28
