Index,Level,Change,% Change
Bitcoin (BTC),22037.21484375,-902.18359375,-3.93
Ethereum (ETH),1573.697509765625,-77.019287109375,-4.67
Binance Coin (BNB),310.13751220703125,-17.951141357421875,-5.47
Ripple (XRP),0.3866940140724182,-0.011357992887496948,-2.85
Cardano (ADA),0.37030836939811707,-0.023724645376205444,-6.02
