Index,Level,Change,% Change
Bitcoin (BTC),29536.763671875,-228.728515625,-0.77
Ethereum (ETH),1851.6973876953125,-4.1099853515625,-0.22
Binance Coin (BNB),243.33282470703125,-1.81707763671875,-0.74
Ripple (XRP),0.6537871360778809,0.011381149291992188,1.77
Cardano (ADA),0.29872384667396545,0.0009788572788238525,0.33
