Index,Level,Change,% Change
Bitcoin (BTC),31020.23046875,399.4609375,1.3
Ethereum (ETH),1961.7891845703125,24.350830078125,1.26
Binance Coin (BNB),247.34226989746094,1.0843505859375,0.44
Ripple (XRP),0.4867948591709137,0.0023018717765808105,0.48
Cardano (ADA),0.29429882764816284,0.00224381685256958,0.77
