Index,Level,Change,% Change
Bitcoin (BTC),58964.14453125,-539.98828125,-0.91
Ethereum (ETH),2520.70263671875,61.97607421875,2.52
Binance Coin (BNB),533.6307373046875,-0.34515380859375,-0.06
Ripple (XRP),0.5712372064590454,0.0036832094192504883,0.65
Cardano (ADA),0.35101842880249023,0.0005074143409729004,0.14
