Index,Level,Change,% Change
Bitcoin (BTC),67007.953125,-2114.3828125,-3.06
Ethereum (ETH),3723.867919921875,-13.349853515625,-0.36
Binance Coin (BNB),588.5823974609375,-26.0894775390625,-4.24
Ripple (XRP),0.5173274874687195,-0.009182512760162354,-1.74
Cardano (ADA),0.45673203468322754,-0.026394963264465332,-5.46
