Index,Level,Change,% Change
Bitcoin (BTC),28355.025390625,179.208984375,0.64
Ethereum (ETH),1775.904052734375,-30.856689453125,-1.71
Binance Coin (BNB),327.38818359375,-7.921051025390625,-2.36
Ripple (XRP),0.4394758343696594,-0.030234158039093018,-6.44
Cardano (ADA),0.3751334547996521,0.00389745831489563,1.05
