Index,Level,Change,% Change
Bitcoin (BTC),60343.19140625,-1685.82421875,-2.72
Ethereum (ETH),3304.439697265625,-111.9150390625,-3.28
Binance Coin (BNB),557.9712524414062,-21.00982666015625,-3.63
Ripple (XRP),0.4688640236854553,-0.015655964612960815,-3.23
Cardano (ADA),0.4069865345954895,-0.01078847050666809,-2.58
