Index,Level,Change,% Change
Bitcoin (BTC),67531.625,-977.21875,-1.43
Ethereum (ETH),3325.048095703125,-4.992431640625,-0.15
Binance Coin (BNB),579.452880859375,-5.9886474609375,-1.02
Ripple (XRP),0.5869234204292297,-0.006732583045959473,-1.13
Cardano (ADA),0.5742483735084534,-0.008706629276275635,-1.49
