Index,Level,Change,% Change
Bitcoin (BTC),50880.47265625,-1404.40234375,-2.69
Ethereum (ETH),2897.75341796875,-115.750244140625,-3.84
Binance Coin (BNB),366.40936279296875,11.545440673828125,3.25
Ripple (XRP),0.5378046631813049,-0.025117337703704834,-4.46
Cardano (ADA),0.5780964493751526,-0.04406857490539551,-7.08
