Index,Level,Change,% Change
Bitcoin (BTC),64540.29296875,263.39453125,0.41
Ethereum (ETH),3154.80078125,14.99560546875,0.48
Binance Coin (BNB),615.1875,7.10137939453125,1.17
Ripple (XRP),0.5288951992988586,0.0014911890029907227,0.28
Cardano (ADA),0.47264912724494934,-0.002260863780975342,-0.48
