Index,Level,Change,% Change
Bitcoin (BTC),37178.45703125,1364.64453125,3.81
Ethereum (ETH),2053.8740234375,116.8072509765625,6.03
Binance Coin (BNB),235.2736053466797,8.787200927734375,3.88
Ripple (XRP),0.6045457720756531,0.02408379316329956,4.15
Cardano (ADA),0.3766937553882599,0.018062740564346313,5.04
