Index,Level,Change,% Change
Bitcoin (BTC),36917.625,-559.33203125,-1.49
Ethereum (ETH),1976.7391357421875,-45.5,-2.25
Binance Coin (BNB),241.32188415527344,-12.313201904296875,-4.85
Ripple (XRP),0.591042160987854,-0.021799862384796143,-3.56
Cardano (ADA),0.36808571219444275,-0.012596279382705688,-3.31
