Index,Level,Change,% Change
Bitcoin (BTC),20334.762,998.1719999999987,5.16
Ethereum (ETH),1501.9408,157.84249999999997,11.74
Binance Coin (BNB),289.481,15.36469999999997,5.61
Ripple (XRP),0.4699875,0.0164107,3.62
Cardano (ADA),0.41265592,0.05480852000000003,15.32
