Index,Level,Change,% Change
Bitcoin (BTC),22406.900390625,-28.61328125,-0.13
Ethereum (ETH),1567.2216796875,2.7529296875,0.18
Binance Coin (BNB),287.3981628417969,-1.301544189453125,-0.45
Ripple (XRP),0.372503399848938,0.005309402942657471,1.45
Cardano (ADA),0.3327030539512634,-0.004398941993713379,-1.3
