Index,Level,Change,% Change
Bitcoin (BTC),51138.41796875,-166.5546875,-0.32
Ethereum (ETH),2945.008056640625,-25.999267578125,-0.88
Binance Coin (BNB),374.967041015625,-7.042724609375,-1.84
Ripple (XRP),0.5367444157600403,-0.004169583320617676,-0.77
Cardano (ADA),0.584505558013916,-0.0013964176177978516,-0.24
