Index,Level,Change,% Change
Bitcoin (BTC),56607.765625,-1363.7734375,-2.35
Ethereum (ETH),2390.585205078125,-58.391845703125,-2.38
Binance Coin (BNB),502.7112121582031,-5.109283447265625,-1.01
Ripple (XRP),0.546114981174469,-0.012060999870300293,-2.16
Cardano (ADA),0.32617712020874023,0.0026531219482421875,0.82
