Index,Level,Change,% Change
Bitcoin (BTC),22223.4453125,-206.3125,-0.92
Ethereum (ETH),1556.37548828125,-11.023193359375,-0.7
Binance Coin (BNB),288.10272216796875,0.047760009765625,0.02
Ripple (XRP),0.38041162490844727,0.009940624237060547,2.68
Cardano (ADA),0.33107540011405945,0.0002543926239013672,0.08
