Index,Level,Change,% Change
Bitcoin (BTC),17154.691,-80.3640000000014,-0.47
Ethereum (ETH),1268.8047,-12.381900000000087,-0.97
Binance Coin (BNB),287.83585,-3.089170000000024,-1.06
Ripple (XRP),0.38742736,-0.007295820000000008,-1.85
Cardano (ADA),0.3110004,-0.00394319999999998,-1.25
