Index,Level,Change,% Change
Bitcoin (BTC),59268.015625,-225.4375,-0.38
Ethereum (ETH),2590.352783203125,-46.95361328125,-1.78
Binance Coin (BNB),567.9115600585938,8.09271240234375,1.45
Ripple (XRP),0.5987676382064819,0.00016164779663085938,0.03
Cardano (ADA),0.34318503737449646,0.006432026624679565,1.91
