Index,Level,Change,% Change
Bitcoin (BTC),30163.201171875,-385.494140625,-1.26
Ethereum (ETH),1849.529541015625,-26.5301513671875,-1.41
Binance Coin (BNB),236.0009765625,-0.6586761474609375,-0.28
Ripple (XRP),0.47601208090782166,-0.011300921440124512,-2.32
Cardano (ADA),0.2819487154483795,-0.008063286542892456,-2.78
