Index,Level,Change,% Change
Bitcoin (BTC),29285.619140625,-798.919921875,-2.66
Ethereum (ETH),1862.70849609375,-26.483154296875,-1.4
Binance Coin (BNB),238.07794189453125,-4.378021240234375,-1.81
Ripple (XRP),0.7024371027946472,-0.036245882511138916,-4.91
Cardano (ADA),0.30506011843681335,-0.012102872133255005,-3.82
