Index,Level,Change,% Change
Bitcoin (BTC),22855.2265625,-409.064453125,-1.76
Ethereum (ETH),1645.2708740234375,-26.732666015625,-1.6
Binance Coin (BNB),326.01031494140625,-7.217559814453125,-2.17
Ripple (XRP),0.3972975015640259,-0.006606489419937134,-1.64
Cardano (ADA),0.39245015382766724,-0.006759852170944214,-1.69
