Index,Level,Change,% Change
Bitcoin (BTC),26041.322265625,-8.234375,-0.03
Ethereum (ETH),1664.8056640625,3.860595703125,0.23
Binance Coin (BNB),209.97735595703125,-6.13519287109375,-2.84
Ripple (XRP),0.5171504020690918,0.011050403118133545,2.18
Cardano (ADA),0.2628709077835083,-0.0010210871696472168,-0.39
