Index,Level,Change,% Change
Bitcoin (BTC),67425.078125,-729.4453125,-1.07
Ethereum (ETH),3473.17626953125,-63.42919921875,-1.79
Binance Coin (BNB),594.1201171875,-7.7310791015625,-1.28
Ripple (XRP),0.6172791719436646,0.019812166690826416,3.32
Cardano (ADA),0.42961931228637695,-0.016457676887512207,-3.69
