Index,Level,Change,% Change
Bitcoin (BTC),53571.2734375,-2589.21484375,-4.61
Ethereum (ETH),2227.2421875,-140.495361328125,-5.93
Binance Coin (BNB),482.47210693359375,-19.597259521484375,-3.9
Ripple (XRP),0.5159342885017395,-0.02826172113418579,-5.19
Cardano (ADA),0.31369248032569885,-0.011369526386260986,-3.5
