Index,Level,Change,% Change
Bitcoin (BTC),65889.671875,-2366.1953125,-3.47
Ethereum (ETH),3289.506591796875,18.0419921875,0.55
Binance Coin (BNB),573.4378662109375,-10.6617431640625,-1.83
Ripple (XRP),0.6302670836448669,0.0283200740814209,4.7
Cardano (ADA),0.4004546105861664,-0.006932377815246582,-1.7
