Index,Level,Change,% Change
Bitcoin (BTC),41999.14453125,-628.7109375,-1.47
Ethereum (ETH),2309.62255859375,-37.943603515625,-1.62
Binance Coin (BNB),312.76971435546875,-10.82928466796875,-3.35
Ripple (XRP),0.6219275593757629,-0.013070464134216309,-2.06
Cardano (ADA),0.6067494750022888,-0.010672509670257568,-1.73
