Index,Level,Change,% Change
Bitcoin (BTC),65378.05859375,3825.26953125,6.21
Ethereum (ETH),3006.95458984375,125.796630859375,4.37
Binance Coin (BNB),585.0028686523438,18.29583740234375,3.23
Ripple (XRP),0.516895055770874,0.017008066177368164,3.4
Cardano (ADA),0.44867733120918274,0.020608335733413696,4.81
