Index,Level,Change,% Change
Bitcoin (BTC),29295.763671875,118.84765625,0.41
Ethereum (ETH),1865.61962890625,15.6175537109375,0.84
Binance Coin (BNB),237.96092224121094,-0.98529052734375,-0.41
Ripple (XRP),0.7099538445472717,0.007188856601715088,1.02
Cardano (ADA),0.3062920570373535,0.0009830594062805176,0.32
