Index,Level,Change,% Change
Bitcoin (BTC),38803.76171875,1091.015625,2.89
Ethereum (ETH),2091.942138671875,39.385986328125,1.92
Binance Coin (BNB),228.4196014404297,0.7357940673828125,0.32
Ripple (XRP),0.6106873750686646,0.004329383373260498,0.71
Cardano (ADA),0.3839583992958069,0.008063405752182007,2.15
