Index,Level,Change,% Change
Bitcoin (BTC),41955.421875,-1068.55078125,-2.48
Ethereum (ETH),2240.10400390625,-76.47509765625,-3.3
Binance Coin (BNB),247.20062255859375,-6.3405914306640625,-2.5
Ripple (XRP),0.6230627298355103,-0.009369254112243652,-1.48
Cardano (ADA),0.6206022500991821,-0.022875726222991943,-3.56
