Index,Level,Change,% Change
Bitcoin (BTC),69599.8984375,-1145.0546875,-1.62
Ethereum (ETH),3493.64697265625,-67.64697265625,-1.9
Binance Coin (BNB),611.2122802734375,27.94140625,4.79
Ripple (XRP),0.6280030608177185,0.003449082374572754,0.55
Cardano (ADA),0.6507128477096558,-8.118152618408203e-05,-0.01
