Index,Level,Change,% Change
Bitcoin (BTC),16780.902,171.52699999999822,1.03
Ethereum (ETH),1247.679,5.905100000000175,0.48
Binance Coin (BNB),275.397,-3.186800000000005,-1.14
Ripple (XRP),0.38267604,0.006279560000000017,1.67
Cardano (ADA),0.3349503,0.003571930000000001,1.08
