Index,Level,Change,% Change
Bitcoin (BTC),70045.421875,-542.4609375,-0.77
Ethereum (ETH),3496.937744140625,-46.79931640625,-1.32
Binance Coin (BNB),602.3589477539062,-7.7249755859375,-1.27
Ripple (XRP),0.6088166832923889,-0.008744299411773682,-1.42
Cardano (ADA),0.5803630948066711,-0.005891919136047363,-1.01
