Index,Level,Change,% Change
Bitcoin (BTC),69980.265625,1462.171875,2.13
Ethereum (ETH),3928.912841796875,103.015380859375,2.69
Binance Coin (BNB),609.5023193359375,9.6763916015625,1.61
Ripple (XRP),0.5373547077178955,0.009143710136413574,1.73
Cardano (ADA),0.4701252281665802,0.011750221252441406,2.56
