Index,Level,Change,% Change
Bitcoin (BTC),42531.34375,-911.51171875,-2.1
Ethereum (ETH),2360.208984375,-18.531005859375,-0.78
Binance Coin (BNB),331.41693115234375,7.739593505859375,2.39
Ripple (XRP),0.6320602893829346,-0.002795696258544922,-0.44
Cardano (ADA),0.6309905052185059,-0.0025445222854614258,-0.4
