Index,Level,Change,% Change
Bitcoin (BTC),16522.82,-70.27600000000166,-0.42
Ethereum (ETH),1195.0153,-7.490199999999959,-0.62
Binance Coin (BNB),301.15012,1.1032200000000216,0.37
Ripple (XRP),0.40500122,0.004122579999999987,1.03
Cardano (ADA),0.31590697,9.712000000000609e-05,0.03
