Index,Level,Change,% Change
Bitcoin (BTC),27428.177734375,497.5390625,1.85
Ethereum (ETH),1829.799072265625,29.298095703125,1.63
Binance Coin (BNB),314.389892578125,2.253997802734375,0.72
Ripple (XRP),0.4261845052242279,0.00032451748847961426,0.08
Cardano (ADA),0.3710634708404541,0.0003024637699127197,0.08
