Index,Level,Change,% Change
Bitcoin (BTC),20974.0625,-187.45703125,-0.89
Ethereum (ETH),1547.2218017578125,-20.624267578125,-1.32
Binance Coin (BNB),294.2405700683594,-5.583953857421875,-1.86
Ripple (XRP),0.3858789801597595,-0.0018320083618164062,-0.47
Cardano (ADA),0.3372063934803009,-0.008554607629776001,-2.47
