Index,Level,Change,% Change
Bitcoin (BTC),61790.99609375,2667.5625,4.51
Ethereum (ETH),3073.84716796875,85.6787109375,2.87
Binance Coin (BNB),580.1792602539062,19.65252685546875,3.51
Ripple (XRP),0.5273202061653137,0.00899118185043335,1.73
Cardano (ADA),0.46588781476020813,0.007605820894241333,1.66
