Index,Level,Change,% Change
Bitcoin (BTC),26227.056640625,9.806640625,0.04
Ethereum (ETH),1593.1575927734375,-0.2596435546875,-0.02
Binance Coin (BNB),211.7205047607422,-0.6579437255859375,-0.31
Ripple (XRP),0.5025625228881836,0.0008545517921447754,0.17
Cardano (ADA),0.24380402266979218,-0.0015909820795059204,-0.65
