Index,Level,Change,% Change
Bitcoin (BTC),51518.15625,1775.71484375,3.57
Ethereum (ETH),2743.7021484375,101.516845703125,3.84
Binance Coin (BNB),332.0982360839844,7.230010986328125,2.23
Ripple (XRP),0.5367265343666077,0.011891543865203857,2.27
Cardano (ADA),0.5701760649681091,0.025180041790008545,4.62
