Index,Level,Change,% Change
Bitcoin (BTC),26308.78515625,-988.48046875,-3.62
Ethereum (ETH),1659.942626953125,-45.1695556640625,-2.65
Binance Coin (BNB),217.7350616455078,-6.0643768310546875,-2.71
Ripple (XRP),0.509239137172699,-0.018954873085021973,-3.59
Cardano (ADA),0.2556343376636505,-0.010019659996032715,-3.77
