Index,Level,Change,% Change
Bitcoin (BTC),29991.873046875,77.94921875,0.26
Ethereum (ETH),1900.6151123046875,11.607177734375,0.61
Binance Coin (BNB),244.7261199951172,3.5653076171875,1.48
Ripple (XRP),0.7905994057655334,-0.030094623565673828,-3.67
Cardano (ADA),0.31627246737480164,-0.0072405338287353516,-2.24
