Index,Level,Change,% Change
Bitcoin (BTC),69399.625,1648.0234375,2.43
Ethereum (ETH),3785.271484375,4.37548828125,0.12
Binance Coin (BNB),624.660888671875,21.63427734375,3.59
Ripple (XRP),0.5194172859191895,0.005935311317443848,1.16
Cardano (ADA),0.4525658190250397,0.006071805953979492,1.36
