Index,Level,Change,% Change
Bitcoin (BTC),63100.296875,-930.8359375,-1.45
Ethereum (ETH),3063.35595703125,-73.89306640625,-2.36
Binance Coin (BNB),587.7333984375,-4.406982421875,-0.74
Ripple (XRP),0.5462867021560669,0.016502678394317627,3.11
Cardano (ADA),0.4606502950191498,0.002316296100616455,0.51
