Index,Level,Change,% Change
Bitcoin (BTC),21759.27734375,-59.76171875,-0.27
Ethereum (ETH),1532.5040283203125,-13.9342041015625,-0.9
Binance Coin (BNB),307.8970947265625,1.936676025390625,0.63
Ripple (XRP),0.3835330903530121,0.0010671019554138184,0.28
Cardano (ADA),0.3637152910232544,0.0011842846870422363,0.33
