Index,Level,Change,% Change
Bitcoin (BTC),26518.037109375,172.0390625,0.65
Ethereum (ETH),1846.0657958984375,13.6697998046875,0.75
Binance Coin (BNB),263.59979248046875,4.208343505859375,1.62
Ripple (XRP),0.5217909812927246,0.0021629929542541504,0.42
Cardano (ADA),0.32371771335601807,0.0014397203922271729,0.45
