Index,Level,Change,% Change
Bitcoin (BTC),25873.1640625,-29.3359375,-0.11
Ethereum (ETH),1740.778564453125,-1.7501220703125,-0.1
Binance Coin (BNB),238.27334594726562,7.2219085693359375,3.13
Ripple (XRP),0.5156752467155457,-0.010045766830444336,-1.91
Cardano (ADA),0.27443140745162964,-0.0006165802478790283,-0.22
