Index,Level,Change,% Change
Bitcoin (BTC),36459.0546875,304.28515625,0.84
Ethereum (ETH),1943.7598876953125,-17.1217041015625,-0.87
Binance Coin (BNB),243.92108154296875,1.162200927734375,0.48
Ripple (XRP),0.6055241227149963,-0.006643891334533691,-1.09
Cardano (ADA),0.3653249740600586,-0.006441026926040649,-1.73
