Index,Level,Change,% Change
Bitcoin (BTC),41231.796875,-12.03515625,-0.03
Ethereum (ETH),2188.920654296875,-35.658203125,-1.6
Binance Coin (BNB),253.1700439453125,6.749176025390625,2.74
Ripple (XRP),0.6161370277404785,-0.004073977470397949,-0.66
Cardano (ADA),0.5762292742729187,0.02520829439163208,4.57
