Index,Level,Change,% Change
Bitcoin (BTC),64897.87109375,-474.26171875,-0.73
Ethereum (ETH),3137.169189453125,-199.170166015625,-5.97
Binance Coin (BNB),567.4668579101562,-7.11163330078125,-1.24
Ripple (XRP),0.6113964915275574,-0.0074465274810791016,-1.2
Cardano (ADA),0.39041972160339355,-0.016427278518676758,-4.04
