Index,Level,Change,% Change
Bitcoin (BTC),43179.76171875,1383.4921875,3.31
Ethereum (ETH),2547.44677734375,75.20556640625,3.04
Binance Coin (BNB),318.3186340332031,19.267303466796875,6.44
Ripple (XRP),0.5805902481079102,0.0043572187423706055,0.76
Cardano (ADA),0.5336096286773682,0.00762861967086792,1.45
