Index,Level,Change,% Change
Bitcoin (BTC),42098.421875,-525.1171875,-1.23
Ethereum (ETH),2160.87158203125,-56.40185546875,-2.54
Binance Coin (BNB),253.02474975585938,11.676315307617188,4.84
Ripple (XRP),0.6028591990470886,-0.009670794010162354,-1.58
Cardano (ADA),0.5765527486801147,-0.024480223655700684,-4.07
