Index,Level,Change,% Change
Bitcoin (BTC),43320.44140625,-3048.14453125,-6.57
Ethereum (ETH),2584.047607421875,-35.571533203125,-1.36
Binance Coin (BNB),300.43170166015625,-8.269805908203125,-2.68
Ripple (XRP),0.5769803524017334,-0.02511465549468994,-4.17
Cardano (ADA),0.557291567325592,-0.024887442588806152,-4.27
