Index,Level,Change,% Change
Bitcoin (BTC),24870.95703125,563.115234375,2.32
Ethereum (ETH),1711.838134765625,38.0921630859375,2.28
Binance Coin (BNB),319.1402282714844,1.97100830078125,0.62
Ripple (XRP),0.3999771177768707,-0.0013748705387115479,-0.34
Cardano (ADA),0.40611737966537476,-0.011997610330581665,-2.87
